{
  "Green": {
    "height": 9,
    "pixelRatio": 1,
    "width": 15,
    "x": 399,
    "y": 68
  },
  "Rectangle Stroke": {
    "height": 21,
    "pixelRatio": 1,
    "width": 20,
    "x": 0,
    "y": 26
  },
  "Rectangle fill": {
    "height": 19,
    "pixelRatio": 1,
    "width": 18,
    "x": 63,
    "y": 47
  },
  "Triangle fill": {
    "height": 19,
    "pixelRatio": 1,
    "width": 21,
    "x": 81,
    "y": 47
  },
  "Triangle stroke": {
    "height": 22,
    "pixelRatio": 1,
    "width": 23,
    "x": 26,
    "y": 0
  },
  "Yellow": {
    "height": 11,
    "pixelRatio": 1,
    "width": 24,
    "x": 306,
    "y": 201
  },
  "airport": {
    "height": 19,
    "pixelRatio": 1,
    "width": 19,
    "x": 0,
    "y": 68
  },
  "airport_terminal": {
    "height": 19,
    "pixelRatio": 1,
    "width": 19,
    "x": 19,
    "y": 68
  },
  "airtel": {
    "height": 21,
    "pixelRatio": 1,
    "width": 21,
    "x": 20,
    "y": 26
  },
  "amusement_park": {
    "height": 19,
    "pixelRatio": 1,
    "width": 19,
    "x": 38,
    "y": 68
  },
  "animal-shelter": {
    "height": 19,
    "pixelRatio": 1,
    "width": 19,
    "x": 57,
    "y": 68
  },
  "apartment": {
    "height": 19,
    "pixelRatio": 1,
    "width": 19,
    "x": 76,
    "y": 68
  },
  "apartment (copy)": {
    "height": 19,
    "pixelRatio": 1,
    "width": 19,
    "x": 95,
    "y": 68
  },
  "apartment_complex": {
    "height": 19,
    "pixelRatio": 1,
    "width": 19,
    "x": 114,
    "y": 68
  },
  "aquarium": {
    "height": 19,
    "pixelRatio": 1,
    "width": 19,
    "x": 133,
    "y": 68
  },
  "arrow_black": {
    "height": 15,
    "pixelRatio": 1,
    "width": 20,
    "x": 266,
    "y": 201
  },
  "arrow_white": {
    "height": 15,
    "pixelRatio": 1,
    "width": 20,
    "x": 286,
    "y": 201
  },
  "atm": {
    "height": 19,
    "pixelRatio": 1,
    "width": 19,
    "x": 152,
    "y": 68
  },
  "attraction": {
    "height": 19,
    "pixelRatio": 1,
    "width": 19,
    "x": 171,
    "y": 68
  },
  "bakery": {
    "height": 19,
    "pixelRatio": 1,
    "width": 19,
    "x": 104,
    "y": 26
  },
  "banglalink": {
    "height": 21,
    "pixelRatio": 1,
    "width": 21,
    "x": 41,
    "y": 26
  },
  "bank": {
    "height": 19,
    "pixelRatio": 1,
    "width": 19,
    "x": 123,
    "y": 26
  },
  "bar": {
    "height": 19,
    "pixelRatio": 1,
    "width": 19,
    "x": 142,
    "y": 26
  },
  "barrier": {
    "height": 19,
    "pixelRatio": 1,
    "width": 19,
    "x": 161,
    "y": 26
  },
  "baseball": {
    "height": 19,
    "pixelRatio": 1,
    "width": 19,
    "x": 180,
    "y": 26
  },
  "basketball": {
    "height": 19,
    "pixelRatio": 1,
    "width": 19,
    "x": 102,
    "y": 47
  },
  "beach": {
    "height": 19,
    "pixelRatio": 1,
    "width": 19,
    "x": 121,
    "y": 47
  },
  "bicycle-share": {
    "height": 19,
    "pixelRatio": 1,
    "width": 19,
    "x": 140,
    "y": 47
  },
  "bkash": {
    "height": 21,
    "pixelRatio": 1,
    "width": 21,
    "x": 62,
    "y": 26
  },
  "blood_bank": {
    "height": 19,
    "pixelRatio": 1,
    "width": 19,
    "x": 159,
    "y": 47
  },
  "bowling-alley": {
    "height": 19,
    "pixelRatio": 1,
    "width": 19,
    "x": 178,
    "y": 47
  },
  "bridge": {
    "height": 19,
    "pixelRatio": 1,
    "width": 19,
    "x": 91,
    "y": 0
  },
  "bus": {
    "height": 19,
    "pixelRatio": 1,
    "width": 19,
    "x": 110,
    "y": 0
  },
  "cafe": {
    "height": 19,
    "pixelRatio": 1,
    "width": 19,
    "x": 129,
    "y": 0
  },
  "campsite": {
    "height": 19,
    "pixelRatio": 1,
    "width": 19,
    "x": 148,
    "y": 0
  },
  "car": {
    "height": 19,
    "pixelRatio": 1,
    "width": 19,
    "x": 167,
    "y": 0
  },
  "car-rental": {
    "height": 19,
    "pixelRatio": 1,
    "width": 19,
    "x": 186,
    "y": 0
  },
  "car-repair": {
    "height": 19,
    "pixelRatio": 1,
    "width": 19,
    "x": 0,
    "y": 87
  },
  "casino": {
    "height": 19,
    "pixelRatio": 1,
    "width": 19,
    "x": 19,
    "y": 87
  },
  "castle": {
    "height": 19,
    "pixelRatio": 1,
    "width": 19,
    "x": 38,
    "y": 87
  },
  "castle-JP": {
    "height": 19,
    "pixelRatio": 1,
    "width": 19,
    "x": 57,
    "y": 87
  },
  "caution": {
    "height": 19,
    "pixelRatio": 1,
    "width": 19,
    "x": 76,
    "y": 87
  },
  "cemetery": {
    "height": 19,
    "pixelRatio": 1,
    "width": 19,
    "x": 95,
    "y": 87
  },
  "cemetery-JP": {
    "height": 19,
    "pixelRatio": 1,
    "width": 19,
    "x": 114,
    "y": 87
  },
  "charging-station": {
    "height": 19,
    "pixelRatio": 1,
    "width": 19,
    "x": 133,
    "y": 87
  },
  "cinema_hall": {
    "height": 19,
    "pixelRatio": 1,
    "width": 19,
    "x": 152,
    "y": 87
  },
  "circle": {
    "height": 19,
    "pixelRatio": 1,
    "width": 19,
    "x": 171,
    "y": 87
  },
  "circle-stroked": {
    "height": 19,
    "pixelRatio": 1,
    "width": 19,
    "x": 0,
    "y": 106
  },
  "city": {
    "height": 19,
    "pixelRatio": 1,
    "width": 19,
    "x": 19,
    "y": 106
  },
  "clothing-store": {
    "height": 19,
    "pixelRatio": 1,
    "width": 19,
    "x": 38,
    "y": 106
  },
  "college": {
    "height": 19,
    "pixelRatio": 1,
    "width": 19,
    "x": 57,
    "y": 106
  },
  "college-JP": {
    "height": 19,
    "pixelRatio": 1,
    "width": 19,
    "x": 76,
    "y": 106
  },
  "commercial": {
    "height": 19,
    "pixelRatio": 1,
    "width": 19,
    "x": 95,
    "y": 106
  },
  "communications-tower": {
    "height": 19,
    "pixelRatio": 1,
    "width": 19,
    "x": 114,
    "y": 106
  },
  "confectionery": {
    "height": 19,
    "pixelRatio": 1,
    "width": 19,
    "x": 133,
    "y": 106
  },
  "construction": {
    "height": 19,
    "pixelRatio": 1,
    "width": 19,
    "x": 152,
    "y": 106
  },
  "convenience": {
    "height": 19,
    "pixelRatio": 1,
    "width": 19,
    "x": 171,
    "y": 106
  },
  "cricket_club": {
    "height": 19,
    "pixelRatio": 1,
    "width": 19,
    "x": 0,
    "y": 125
  },
  "cross": {
    "height": 19,
    "pixelRatio": 1,
    "width": 19,
    "x": 19,
    "y": 125
  },
  "cycle_shop": {
    "height": 19,
    "pixelRatio": 1,
    "width": 19,
    "x": 38,
    "y": 125
  },
  "dam": {
    "height": 19,
    "pixelRatio": 1,
    "width": 19,
    "x": 57,
    "y": 125
  },
  "danger": {
    "height": 19,
    "pixelRatio": 1,
    "width": 19,
    "x": 76,
    "y": 125
  },
  "defibrillator": {
    "height": 19,
    "pixelRatio": 1,
    "width": 19,
    "x": 95,
    "y": 125
  },
  "dentist": {
    "height": 19,
    "pixelRatio": 1,
    "width": 19,
    "x": 114,
    "y": 125
  },
  "diamond": {
    "height": 19,
    "pixelRatio": 1,
    "width": 19,
    "x": 133,
    "y": 125
  },
  "doctor": {
    "height": 19,
    "pixelRatio": 1,
    "width": 19,
    "x": 152,
    "y": 125
  },
  "dog-park": {
    "height": 19,
    "pixelRatio": 1,
    "width": 19,
    "x": 171,
    "y": 125
  },
  "drinking-water": {
    "height": 19,
    "pixelRatio": 1,
    "width": 19,
    "x": 0,
    "y": 144
  },
  "elevator": {
    "height": 19,
    "pixelRatio": 1,
    "width": 19,
    "x": 19,
    "y": 144
  },
  "embassy": {
    "height": 19,
    "pixelRatio": 1,
    "width": 19,
    "x": 38,
    "y": 144
  },
  "emergency-phone": {
    "height": 19,
    "pixelRatio": 1,
    "width": 19,
    "x": 57,
    "y": 144
  },
  "entrance": {
    "height": 19,
    "pixelRatio": 1,
    "width": 19,
    "x": 76,
    "y": 144
  },
  "entrance-alt1": {
    "height": 19,
    "pixelRatio": 1,
    "width": 19,
    "x": 95,
    "y": 144
  },
  "farm": {
    "height": 19,
    "pixelRatio": 1,
    "width": 19,
    "x": 114,
    "y": 144
  },
  "fast-food": {
    "height": 19,
    "pixelRatio": 1,
    "width": 19,
    "x": 133,
    "y": 144
  },
  "fence": {
    "height": 19,
    "pixelRatio": 1,
    "width": 19,
    "x": 152,
    "y": 144
  },
  "ferry": {
    "height": 19,
    "pixelRatio": 1,
    "width": 19,
    "x": 171,
    "y": 144
  },
  "ferry-JP": {
    "height": 19,
    "pixelRatio": 1,
    "width": 19,
    "x": 0,
    "y": 163
  },
  "fire-station-JP": {
    "height": 19,
    "pixelRatio": 1,
    "width": 19,
    "x": 19,
    "y": 163
  },
  "fire_service": {
    "height": 19,
    "pixelRatio": 1,
    "width": 19,
    "x": 38,
    "y": 163
  },
  "fitness-centre": {
    "height": 19,
    "pixelRatio": 1,
    "width": 19,
    "x": 57,
    "y": 163
  },
  "florist": {
    "height": 19,
    "pixelRatio": 1,
    "width": 19,
    "x": 76,
    "y": 163
  },
  "food": {
    "height": 19,
    "pixelRatio": 1,
    "width": 19,
    "x": 95,
    "y": 163
  },
  "football_club": {
    "height": 19,
    "pixelRatio": 1,
    "width": 19,
    "x": 114,
    "y": 163
  },
  "fuel": {
    "height": 19,
    "pixelRatio": 1,
    "width": 19,
    "x": 133,
    "y": 163
  },
  "furniture": {
    "height": 19,
    "pixelRatio": 1,
    "width": 19,
    "x": 152,
    "y": 163
  },
  "gallery": {
    "height": 19,
    "pixelRatio": 1,
    "width": 19,
    "x": 171,
    "y": 163
  },
  "games_zone": {
    "height": 19,
    "pixelRatio": 1,
    "width": 19,
    "x": 0,
    "y": 182
  },
  "garden": {
    "height": 19,
    "pixelRatio": 1,
    "width": 19,
    "x": 19,
    "y": 182
  },
  "garden-centre": {
    "height": 19,
    "pixelRatio": 1,
    "width": 19,
    "x": 38,
    "y": 182
  },
  "gate": {
    "height": 19,
    "pixelRatio": 1,
    "width": 19,
    "x": 57,
    "y": 182
  },
  "gift": {
    "height": 19,
    "pixelRatio": 1,
    "width": 19,
    "x": 76,
    "y": 182
  },
  "globe": {
    "height": 19,
    "pixelRatio": 1,
    "width": 19,
    "x": 95,
    "y": 182
  },
  "golf": {
    "height": 19,
    "pixelRatio": 1,
    "width": 19,
    "x": 114,
    "y": 182
  },
  "gp": {
    "height": 21,
    "pixelRatio": 1,
    "width": 21,
    "x": 83,
    "y": 26
  },
  "grocery": {
    "height": 19,
    "pixelRatio": 1,
    "width": 19,
    "x": 133,
    "y": 182
  },
  "hairdresser": {
    "height": 19,
    "pixelRatio": 1,
    "width": 19,
    "x": 152,
    "y": 182
  },
  "harbor": {
    "height": 19,
    "pixelRatio": 1,
    "width": 19,
    "x": 171,
    "y": 182
  },
  "hardware": {
    "height": 19,
    "pixelRatio": 1,
    "width": 19,
    "x": 190,
    "y": 68
  },
  "heart": {
    "height": 19,
    "pixelRatio": 1,
    "width": 19,
    "x": 209,
    "y": 68
  },
  "heliport": {
    "height": 19,
    "pixelRatio": 1,
    "width": 19,
    "x": 228,
    "y": 68
  },
  "highway-rest-area": {
    "height": 19,
    "pixelRatio": 1,
    "width": 19,
    "x": 247,
    "y": 68
  },
  "historical_place": {
    "height": 19,
    "pixelRatio": 1,
    "width": 19,
    "x": 266,
    "y": 68
  },
  "horse-riding": {
    "height": 19,
    "pixelRatio": 1,
    "width": 19,
    "x": 285,
    "y": 68
  },
  "hospital": {
    "height": 19,
    "pixelRatio": 1,
    "width": 19,
    "x": 304,
    "y": 68
  },
  "hospital-JP": {
    "height": 19,
    "pixelRatio": 1,
    "width": 19,
    "x": 323,
    "y": 68
  },
  "hostel": {
    "height": 19,
    "pixelRatio": 1,
    "width": 19,
    "x": 342,
    "y": 68
  },
  "hot-spring": {
    "height": 19,
    "pixelRatio": 1,
    "width": 19,
    "x": 361,
    "y": 68
  },
  "hotel": {
    "height": 19,
    "pixelRatio": 1,
    "width": 19,
    "x": 380,
    "y": 68
  },
  "house": {
    "height": 19,
    "pixelRatio": 1,
    "width": 19,
    "x": 190,
    "y": 87
  },
  "ice-cream": {
    "height": 19,
    "pixelRatio": 1,
    "width": 19,
    "x": 209,
    "y": 87
  },
  "industry": {
    "height": 19,
    "pixelRatio": 1,
    "width": 19,
    "x": 228,
    "y": 87
  },
  "information": {
    "height": 19,
    "pixelRatio": 1,
    "width": 19,
    "x": 247,
    "y": 87
  },
  "jewelry-store": {
    "height": 19,
    "pixelRatio": 1,
    "width": 19,
    "x": 266,
    "y": 87
  },
  "karaoke": {
    "height": 19,
    "pixelRatio": 1,
    "width": 19,
    "x": 285,
    "y": 87
  },
  "landmark": {
    "height": 19,
    "pixelRatio": 1,
    "width": 19,
    "x": 304,
    "y": 87
  },
  "landmark-JP": {
    "height": 19,
    "pixelRatio": 1,
    "width": 19,
    "x": 323,
    "y": 87
  },
  "landuse": {
    "height": 19,
    "pixelRatio": 1,
    "width": 19,
    "x": 342,
    "y": 87
  },
  "laundry": {
    "height": 19,
    "pixelRatio": 1,
    "width": 19,
    "x": 361,
    "y": 87
  },
  "library": {
    "height": 19,
    "pixelRatio": 1,
    "width": 19,
    "x": 380,
    "y": 87
  },
  "lift-gate": {
    "height": 19,
    "pixelRatio": 1,
    "width": 19,
    "x": 190,
    "y": 106
  },
  "lighthouse": {
    "height": 19,
    "pixelRatio": 1,
    "width": 19,
    "x": 209,
    "y": 106
  },
  "lighthouse-JP": {
    "height": 19,
    "pixelRatio": 1,
    "width": 19,
    "x": 228,
    "y": 106
  },
  "logging": {
    "height": 19,
    "pixelRatio": 1,
    "width": 19,
    "x": 247,
    "y": 106
  },
  "marker": {
    "height": 19,
    "pixelRatio": 1,
    "width": 19,
    "x": 266,
    "y": 106
  },
  "marker-stroked": {
    "height": 19,
    "pixelRatio": 1,
    "width": 19,
    "x": 285,
    "y": 106
  },
  "marker_landuse": {
    "height": 19,
    "pixelRatio": 1,
    "width": 19,
    "x": 304,
    "y": 106
  },
  "marker_recreation": {
    "height": 19,
    "pixelRatio": 1,
    "width": 19,
    "x": 323,
    "y": 106
  },
  "marker_transportaion": {
    "height": 19,
    "pixelRatio": 1,
    "width": 19,
    "x": 342,
    "y": 106
  },
  "masjid": {
    "height": 19,
    "pixelRatio": 1,
    "width": 19,
    "x": 361,
    "y": 106
  },
  "metro": {
    "height": 19,
    "pixelRatio": 1,
    "width": 19,
    "x": 380,
    "y": 106
  },
  "mobile-phone": {
    "height": 19,
    "pixelRatio": 1,
    "width": 19,
    "x": 190,
    "y": 125
  },
  "monument": {
    "height": 19,
    "pixelRatio": 1,
    "width": 19,
    "x": 209,
    "y": 125
  },
  "monument-JP": {
    "height": 19,
    "pixelRatio": 1,
    "width": 19,
    "x": 228,
    "y": 125
  },
  "mountain": {
    "height": 19,
    "pixelRatio": 1,
    "width": 19,
    "x": 247,
    "y": 125
  },
  "museum": {
    "height": 19,
    "pixelRatio": 1,
    "width": 19,
    "x": 266,
    "y": 125
  },
  "music": {
    "height": 19,
    "pixelRatio": 1,
    "width": 19,
    "x": 285,
    "y": 125
  },
  "nagad": {
    "height": 21,
    "pixelRatio": 1,
    "width": 21,
    "x": 49,
    "y": 0
  },
  "natural": {
    "height": 19,
    "pixelRatio": 1,
    "width": 19,
    "x": 304,
    "y": 125
  },
  "observation-tower": {
    "height": 19,
    "pixelRatio": 1,
    "width": 19,
    "x": 323,
    "y": 125
  },
  "office": {
    "height": 19,
    "pixelRatio": 1,
    "width": 19,
    "x": 342,
    "y": 125
  },
  "optician": {
    "height": 19,
    "pixelRatio": 1,
    "width": 19,
    "x": 361,
    "y": 125
  },
  "orphanage": {
    "height": 19,
    "pixelRatio": 1,
    "width": 19,
    "x": 380,
    "y": 125
  },
  "paint": {
    "height": 19,
    "pixelRatio": 1,
    "width": 19,
    "x": 190,
    "y": 144
  },
  "park": {
    "height": 19,
    "pixelRatio": 1,
    "width": 19,
    "x": 209,
    "y": 144
  },
  "parking": {
    "height": 19,
    "pixelRatio": 1,
    "width": 19,
    "x": 228,
    "y": 144
  },
  "parking-garage": {
    "height": 19,
    "pixelRatio": 1,
    "width": 19,
    "x": 247,
    "y": 144
  },
  "parking-paid": {
    "height": 19,
    "pixelRatio": 1,
    "width": 19,
    "x": 266,
    "y": 144
  },
  "pharmacy": {
    "height": 19,
    "pixelRatio": 1,
    "width": 19,
    "x": 285,
    "y": 144
  },
  "picnic_spot": {
    "height": 19,
    "pixelRatio": 1,
    "width": 19,
    "x": 304,
    "y": 144
  },
  "pitch": {
    "height": 19,
    "pixelRatio": 1,
    "width": 19,
    "x": 323,
    "y": 144
  },
  "playground": {
    "height": 19,
    "pixelRatio": 1,
    "width": 19,
    "x": 342,
    "y": 144
  },
  "police": {
    "height": 19,
    "pixelRatio": 1,
    "width": 19,
    "x": 361,
    "y": 144
  },
  "police-JP": {
    "height": 19,
    "pixelRatio": 1,
    "width": 19,
    "x": 380,
    "y": 144
  },
  "post": {
    "height": 19,
    "pixelRatio": 1,
    "width": 19,
    "x": 190,
    "y": 163
  },
  "post-JP": {
    "height": 19,
    "pixelRatio": 1,
    "width": 19,
    "x": 209,
    "y": 163
  },
  "pran": {
    "height": 21,
    "pixelRatio": 1,
    "width": 21,
    "x": 70,
    "y": 0
  },
  "prison": {
    "height": 19,
    "pixelRatio": 1,
    "width": 19,
    "x": 228,
    "y": 163
  },
  "quarter": {
    "height": 19,
    "pixelRatio": 1,
    "width": 19,
    "x": 247,
    "y": 163
  },
  "racetrack": {
    "height": 19,
    "pixelRatio": 1,
    "width": 19,
    "x": 266,
    "y": 163
  },
  "racetrack-boat": {
    "height": 19,
    "pixelRatio": 1,
    "width": 19,
    "x": 285,
    "y": 163
  },
  "racetrack-cycling": {
    "height": 19,
    "pixelRatio": 1,
    "width": 19,
    "x": 304,
    "y": 163
  },
  "racetrack-horse": {
    "height": 19,
    "pixelRatio": 1,
    "width": 19,
    "x": 323,
    "y": 163
  },
  "rail": {
    "height": 19,
    "pixelRatio": 1,
    "width": 19,
    "x": 342,
    "y": 163
  },
  "rail-light": {
    "height": 19,
    "pixelRatio": 1,
    "width": 19,
    "x": 361,
    "y": 163
  },
  "rail-metro": {
    "height": 19,
    "pixelRatio": 1,
    "width": 19,
    "x": 380,
    "y": 163
  },
  "ranger-station": {
    "height": 19,
    "pixelRatio": 1,
    "width": 19,
    "x": 190,
    "y": 182
  },
  "recycling": {
    "height": 19,
    "pixelRatio": 1,
    "width": 19,
    "x": 209,
    "y": 182
  },
  "religious-buddhist": {
    "height": 19,
    "pixelRatio": 1,
    "width": 19,
    "x": 228,
    "y": 182
  },
  "religious-christian": {
    "height": 19,
    "pixelRatio": 1,
    "width": 19,
    "x": 247,
    "y": 182
  },
  "religious-jewish": {
    "height": 19,
    "pixelRatio": 1,
    "width": 19,
    "x": 266,
    "y": 182
  },
  "religious-shinto": {
    "height": 19,
    "pixelRatio": 1,
    "width": 19,
    "x": 285,
    "y": 182
  },
  "religious_place": {
    "height": 19,
    "pixelRatio": 1,
    "width": 19,
    "x": 304,
    "y": 182
  },
  "residential-community": {
    "height": 19,
    "pixelRatio": 1,
    "width": 19,
    "x": 323,
    "y": 182
  },
  "restaurant-bbq": {
    "height": 19,
    "pixelRatio": 1,
    "width": 19,
    "x": 342,
    "y": 182
  },
  "restaurant-noodle": {
    "height": 19,
    "pixelRatio": 1,
    "width": 19,
    "x": 361,
    "y": 182
  },
  "restaurant-pizza": {
    "height": 19,
    "pixelRatio": 1,
    "width": 19,
    "x": 380,
    "y": 182
  },
  "restaurant-seafood": {
    "height": 19,
    "pixelRatio": 1,
    "width": 19,
    "x": 199,
    "y": 26
  },
  "restaurant-sushi": {
    "height": 19,
    "pixelRatio": 1,
    "width": 19,
    "x": 218,
    "y": 26
  },
  "rfl": {
    "height": 21,
    "pixelRatio": 1,
    "width": 21,
    "x": 0,
    "y": 47
  },
  "road-accident": {
    "height": 19,
    "pixelRatio": 1,
    "width": 19,
    "x": 237,
    "y": 26
  },
  "roadblock": {
    "height": 19,
    "pixelRatio": 1,
    "width": 19,
    "x": 256,
    "y": 26
  },
  "rocket": {
    "height": 19,
    "pixelRatio": 1,
    "width": 19,
    "x": 275,
    "y": 26
  },
  "school": {
    "height": 19,
    "pixelRatio": 1,
    "width": 19,
    "x": 294,
    "y": 26
  },
  "school-JP": {
    "height": 19,
    "pixelRatio": 1,
    "width": 19,
    "x": 313,
    "y": 26
  },
  "scooter": {
    "height": 19,
    "pixelRatio": 1,
    "width": 19,
    "x": 332,
    "y": 26
  },
  "shelter": {
    "height": 19,
    "pixelRatio": 1,
    "width": 19,
    "x": 351,
    "y": 26
  },
  "shoe": {
    "height": 19,
    "pixelRatio": 1,
    "width": 19,
    "x": 370,
    "y": 26
  },
  "shop": {
    "height": 19,
    "pixelRatio": 1,
    "width": 19,
    "x": 389,
    "y": 26
  },
  "shwapno": {
    "height": 21,
    "pixelRatio": 1,
    "width": 21,
    "x": 21,
    "y": 47
  },
  "skateboard": {
    "height": 19,
    "pixelRatio": 1,
    "width": 19,
    "x": 197,
    "y": 47
  },
  "skiing": {
    "height": 19,
    "pixelRatio": 1,
    "width": 19,
    "x": 216,
    "y": 47
  },
  "slaughterhouse": {
    "height": 19,
    "pixelRatio": 1,
    "width": 19,
    "x": 235,
    "y": 47
  },
  "slipway": {
    "height": 19,
    "pixelRatio": 1,
    "width": 19,
    "x": 254,
    "y": 47
  },
  "snowmobile": {
    "height": 19,
    "pixelRatio": 1,
    "width": 19,
    "x": 273,
    "y": 47
  },
  "square": {
    "height": 19,
    "pixelRatio": 1,
    "width": 19,
    "x": 292,
    "y": 47
  },
  "square-stroked": {
    "height": 19,
    "pixelRatio": 1,
    "width": 19,
    "x": 311,
    "y": 47
  },
  "stadium": {
    "height": 19,
    "pixelRatio": 1,
    "width": 19,
    "x": 330,
    "y": 47
  },
  "star": {
    "height": 26,
    "pixelRatio": 1,
    "width": 26,
    "x": 0,
    "y": 0
  },
  "star-stroked": {
    "height": 19,
    "pixelRatio": 1,
    "width": 19,
    "x": 349,
    "y": 47
  },
  "swimming_complex": {
    "height": 19,
    "pixelRatio": 1,
    "width": 19,
    "x": 368,
    "y": 47
  },
  "table-tennis": {
    "height": 19,
    "pixelRatio": 1,
    "width": 19,
    "x": 387,
    "y": 47
  },
  "teahouse": {
    "height": 19,
    "pixelRatio": 1,
    "width": 19,
    "x": 205,
    "y": 0
  },
  "telephone": {
    "height": 19,
    "pixelRatio": 1,
    "width": 19,
    "x": 224,
    "y": 0
  },
  "teletalk": {
    "height": 21,
    "pixelRatio": 1,
    "width": 21,
    "x": 42,
    "y": 47
  },
  "tennis": {
    "height": 19,
    "pixelRatio": 1,
    "width": 19,
    "x": 243,
    "y": 0
  },
  "terminal": {
    "height": 19,
    "pixelRatio": 1,
    "width": 19,
    "x": 262,
    "y": 0
  },
  "theatre": {
    "height": 19,
    "pixelRatio": 1,
    "width": 19,
    "x": 281,
    "y": 0
  },
  "toilet": {
    "height": 19,
    "pixelRatio": 1,
    "width": 19,
    "x": 300,
    "y": 0
  },
  "tourist_spot": {
    "height": 19,
    "pixelRatio": 1,
    "width": 19,
    "x": 319,
    "y": 0
  },
  "tourist_spot2": {
    "height": 19,
    "pixelRatio": 1,
    "width": 19,
    "x": 338,
    "y": 0
  },
  "town-hall": {
    "height": 19,
    "pixelRatio": 1,
    "width": 19,
    "x": 357,
    "y": 0
  },
  "triangle": {
    "height": 19,
    "pixelRatio": 1,
    "width": 19,
    "x": 376,
    "y": 0
  },
  "triangle-stroked": {
    "height": 19,
    "pixelRatio": 1,
    "width": 19,
    "x": 395,
    "y": 0
  },
  "tunnel": {
    "height": 19,
    "pixelRatio": 1,
    "width": 19,
    "x": 0,
    "y": 201
  },
  "veterinary_hospital": {
    "height": 19,
    "pixelRatio": 1,
    "width": 19,
    "x": 19,
    "y": 201
  },
  "viewpoint": {
    "height": 19,
    "pixelRatio": 1,
    "width": 19,
    "x": 38,
    "y": 201
  },
  "village": {
    "height": 19,
    "pixelRatio": 1,
    "width": 19,
    "x": 57,
    "y": 201
  },
  "volcano": {
    "height": 19,
    "pixelRatio": 1,
    "width": 19,
    "x": 76,
    "y": 201
  },
  "volleyball": {
    "height": 19,
    "pixelRatio": 1,
    "width": 19,
    "x": 95,
    "y": 201
  },
  "warehouse": {
    "height": 19,
    "pixelRatio": 1,
    "width": 19,
    "x": 114,
    "y": 201
  },
  "waste-basket": {
    "height": 19,
    "pixelRatio": 1,
    "width": 19,
    "x": 133,
    "y": 201
  },
  "watch": {
    "height": 19,
    "pixelRatio": 1,
    "width": 19,
    "x": 152,
    "y": 201
  },
  "waterfall": {
    "height": 19,
    "pixelRatio": 1,
    "width": 19,
    "x": 171,
    "y": 201
  },
  "watermill": {
    "height": 19,
    "pixelRatio": 1,
    "width": 19,
    "x": 190,
    "y": 201
  },
  "wetland": {
    "height": 19,
    "pixelRatio": 1,
    "width": 19,
    "x": 209,
    "y": 201
  },
  "wheelchair": {
    "height": 19,
    "pixelRatio": 1,
    "width": 19,
    "x": 228,
    "y": 201
  },
  "zoo": {
    "height": 19,
    "pixelRatio": 1,
    "width": 19,
    "x": 247,
    "y": 201
  }
}