{
  "Barikoi Icon_19": {
    "height": 76,
    "pixelRatio": 4,
    "width": 76,
    "x": 336,
    "y": 724
  },
  "Barikoi Icon_21": {
    "height": 84,
    "pixelRatio": 4,
    "width": 84,
    "x": 1012,
    "y": 0
  },
  "Green": {
    "height": 36,
    "pixelRatio": 4,
    "width": 60,
    "x": 864,
    "y": 1492
  },
  "Polar_Icon": {
    "height": 724,
    "pixelRatio": 4,
    "width": 816,
    "x": 0,
    "y": 0
  },
  "Rectangle Stroke": {
    "height": 84,
    "pixelRatio": 4,
    "width": 80,
    "x": 1096,
    "y": 0
  },
  "Rectangle fill": {
    "height": 76,
    "pixelRatio": 4,
    "width": 72,
    "x": 412,
    "y": 724
  },
  "Triangle fill": {
    "height": 76,
    "pixelRatio": 4,
    "width": 84,
    "x": 484,
    "y": 724
  },
  "Triangle stroke": {
    "height": 88,
    "pixelRatio": 4,
    "width": 92,
    "x": 920,
    "y": 0
  },
  "Yellow": {
    "height": 44,
    "pixelRatio": 4,
    "width": 96,
    "x": 768,
    "y": 1492
  },
  "airport": {
    "height": 76,
    "pixelRatio": 4,
    "width": 76,
    "x": 568,
    "y": 724
  },
  "airport_terminal": {
    "height": 76,
    "pixelRatio": 4,
    "width": 76,
    "x": 644,
    "y": 724
  },
  "airtel": {
    "height": 84,
    "pixelRatio": 4,
    "width": 84,
    "x": 1176,
    "y": 0
  },
  "amusement_park": {
    "height": 76,
    "pixelRatio": 4,
    "width": 76,
    "x": 720,
    "y": 724
  },
  "animal-shelter": {
    "height": 76,
    "pixelRatio": 4,
    "width": 76,
    "x": 796,
    "y": 724
  },
  "apartment": {
    "height": 76,
    "pixelRatio": 4,
    "width": 76,
    "x": 872,
    "y": 724
  },
  "apartment (copy)": {
    "height": 76,
    "pixelRatio": 4,
    "width": 76,
    "x": 948,
    "y": 724
  },
  "apartment_complex": {
    "height": 76,
    "pixelRatio": 4,
    "width": 76,
    "x": 1024,
    "y": 724
  },
  "aquarium": {
    "height": 76,
    "pixelRatio": 4,
    "width": 76,
    "x": 1100,
    "y": 724
  },
  "arrow_black": {
    "height": 60,
    "pixelRatio": 4,
    "width": 80,
    "x": 608,
    "y": 1492
  },
  "arrow_white": {
    "height": 60,
    "pixelRatio": 4,
    "width": 80,
    "x": 688,
    "y": 1492
  },
  "atm": {
    "height": 76,
    "pixelRatio": 4,
    "width": 76,
    "x": 1176,
    "y": 724
  },
  "attraction": {
    "height": 76,
    "pixelRatio": 4,
    "width": 76,
    "x": 1252,
    "y": 724
  },
  "bakery": {
    "height": 76,
    "pixelRatio": 4,
    "width": 76,
    "x": 1328,
    "y": 724
  },
  "banglalink": {
    "height": 84,
    "pixelRatio": 4,
    "width": 84,
    "x": 1260,
    "y": 0
  },
  "bank": {
    "height": 76,
    "pixelRatio": 4,
    "width": 76,
    "x": 1404,
    "y": 724
  },
  "bar": {
    "height": 76,
    "pixelRatio": 4,
    "width": 76,
    "x": 1480,
    "y": 724
  },
  "barikoi_icon": {
    "height": 76,
    "pixelRatio": 4,
    "width": 76,
    "x": 1556,
    "y": 724
  },
  "barrier": {
    "height": 76,
    "pixelRatio": 4,
    "width": 76,
    "x": 0,
    "y": 808
  },
  "baseball": {
    "height": 76,
    "pixelRatio": 4,
    "width": 76,
    "x": 76,
    "y": 808
  },
  "basketball": {
    "height": 76,
    "pixelRatio": 4,
    "width": 76,
    "x": 152,
    "y": 808
  },
  "beach": {
    "height": 76,
    "pixelRatio": 4,
    "width": 76,
    "x": 228,
    "y": 808
  },
  "bicycle-share": {
    "height": 76,
    "pixelRatio": 4,
    "width": 76,
    "x": 304,
    "y": 808
  },
  "bkash": {
    "height": 84,
    "pixelRatio": 4,
    "width": 84,
    "x": 1344,
    "y": 0
  },
  "blood_bank": {
    "height": 76,
    "pixelRatio": 4,
    "width": 76,
    "x": 380,
    "y": 808
  },
  "bowling-alley": {
    "height": 76,
    "pixelRatio": 4,
    "width": 76,
    "x": 456,
    "y": 808
  },
  "bridge": {
    "height": 76,
    "pixelRatio": 4,
    "width": 76,
    "x": 532,
    "y": 808
  },
  "bus": {
    "height": 76,
    "pixelRatio": 4,
    "width": 76,
    "x": 608,
    "y": 808
  },
  "cafe": {
    "height": 76,
    "pixelRatio": 4,
    "width": 76,
    "x": 684,
    "y": 808
  },
  "campsite": {
    "height": 76,
    "pixelRatio": 4,
    "width": 76,
    "x": 760,
    "y": 808
  },
  "car": {
    "height": 76,
    "pixelRatio": 4,
    "width": 76,
    "x": 836,
    "y": 808
  },
  "car-rental": {
    "height": 76,
    "pixelRatio": 4,
    "width": 76,
    "x": 912,
    "y": 808
  },
  "car-repair": {
    "height": 76,
    "pixelRatio": 4,
    "width": 76,
    "x": 988,
    "y": 808
  },
  "casino": {
    "height": 76,
    "pixelRatio": 4,
    "width": 76,
    "x": 1064,
    "y": 808
  },
  "castle": {
    "height": 76,
    "pixelRatio": 4,
    "width": 76,
    "x": 1140,
    "y": 808
  },
  "castle-JP": {
    "height": 76,
    "pixelRatio": 4,
    "width": 76,
    "x": 1216,
    "y": 808
  },
  "caution": {
    "height": 76,
    "pixelRatio": 4,
    "width": 76,
    "x": 1292,
    "y": 808
  },
  "cemetery": {
    "height": 76,
    "pixelRatio": 4,
    "width": 76,
    "x": 1368,
    "y": 808
  },
  "cemetery-JP": {
    "height": 76,
    "pixelRatio": 4,
    "width": 76,
    "x": 1444,
    "y": 808
  },
  "charging-station": {
    "height": 76,
    "pixelRatio": 4,
    "width": 76,
    "x": 1520,
    "y": 808
  },
  "cinema_hall": {
    "height": 76,
    "pixelRatio": 4,
    "width": 76,
    "x": 0,
    "y": 884
  },
  "circle": {
    "height": 76,
    "pixelRatio": 4,
    "width": 76,
    "x": 76,
    "y": 884
  },
  "circle-stroked": {
    "height": 76,
    "pixelRatio": 4,
    "width": 76,
    "x": 152,
    "y": 884
  },
  "city": {
    "height": 76,
    "pixelRatio": 4,
    "width": 76,
    "x": 228,
    "y": 884
  },
  "clothing-store": {
    "height": 76,
    "pixelRatio": 4,
    "width": 76,
    "x": 304,
    "y": 884
  },
  "college": {
    "height": 76,
    "pixelRatio": 4,
    "width": 76,
    "x": 380,
    "y": 884
  },
  "college-JP": {
    "height": 76,
    "pixelRatio": 4,
    "width": 76,
    "x": 456,
    "y": 884
  },
  "commercial": {
    "height": 76,
    "pixelRatio": 4,
    "width": 76,
    "x": 532,
    "y": 884
  },
  "communications-tower": {
    "height": 76,
    "pixelRatio": 4,
    "width": 76,
    "x": 608,
    "y": 884
  },
  "confectionery": {
    "height": 76,
    "pixelRatio": 4,
    "width": 76,
    "x": 684,
    "y": 884
  },
  "construction": {
    "height": 76,
    "pixelRatio": 4,
    "width": 76,
    "x": 760,
    "y": 884
  },
  "convenience": {
    "height": 76,
    "pixelRatio": 4,
    "width": 76,
    "x": 836,
    "y": 884
  },
  "cricket_club": {
    "height": 76,
    "pixelRatio": 4,
    "width": 76,
    "x": 912,
    "y": 884
  },
  "cross": {
    "height": 76,
    "pixelRatio": 4,
    "width": 76,
    "x": 988,
    "y": 884
  },
  "cycle_shop": {
    "height": 76,
    "pixelRatio": 4,
    "width": 76,
    "x": 1064,
    "y": 884
  },
  "dam": {
    "height": 76,
    "pixelRatio": 4,
    "width": 76,
    "x": 1140,
    "y": 884
  },
  "danger": {
    "height": 76,
    "pixelRatio": 4,
    "width": 76,
    "x": 1216,
    "y": 884
  },
  "defibrillator": {
    "height": 76,
    "pixelRatio": 4,
    "width": 76,
    "x": 1292,
    "y": 884
  },
  "dentist": {
    "height": 76,
    "pixelRatio": 4,
    "width": 76,
    "x": 1368,
    "y": 884
  },
  "diamond": {
    "height": 76,
    "pixelRatio": 4,
    "width": 76,
    "x": 1444,
    "y": 884
  },
  "doctor": {
    "height": 76,
    "pixelRatio": 4,
    "width": 76,
    "x": 1520,
    "y": 884
  },
  "dog-park": {
    "height": 76,
    "pixelRatio": 4,
    "width": 76,
    "x": 0,
    "y": 960
  },
  "drinking-water": {
    "height": 76,
    "pixelRatio": 4,
    "width": 76,
    "x": 76,
    "y": 960
  },
  "elevator": {
    "height": 76,
    "pixelRatio": 4,
    "width": 76,
    "x": 152,
    "y": 960
  },
  "embassy": {
    "height": 76,
    "pixelRatio": 4,
    "width": 76,
    "x": 228,
    "y": 960
  },
  "emergency-phone": {
    "height": 76,
    "pixelRatio": 4,
    "width": 76,
    "x": 304,
    "y": 960
  },
  "entrance": {
    "height": 76,
    "pixelRatio": 4,
    "width": 76,
    "x": 380,
    "y": 960
  },
  "entrance-alt1": {
    "height": 76,
    "pixelRatio": 4,
    "width": 76,
    "x": 456,
    "y": 960
  },
  "farm": {
    "height": 76,
    "pixelRatio": 4,
    "width": 76,
    "x": 532,
    "y": 960
  },
  "fast-food": {
    "height": 76,
    "pixelRatio": 4,
    "width": 76,
    "x": 608,
    "y": 960
  },
  "fence": {
    "height": 76,
    "pixelRatio": 4,
    "width": 76,
    "x": 684,
    "y": 960
  },
  "ferry": {
    "height": 76,
    "pixelRatio": 4,
    "width": 76,
    "x": 760,
    "y": 960
  },
  "ferry-JP": {
    "height": 76,
    "pixelRatio": 4,
    "width": 76,
    "x": 836,
    "y": 960
  },
  "fire-station-JP": {
    "height": 76,
    "pixelRatio": 4,
    "width": 76,
    "x": 912,
    "y": 960
  },
  "fire_service": {
    "height": 76,
    "pixelRatio": 4,
    "width": 76,
    "x": 988,
    "y": 960
  },
  "fitness-centre": {
    "height": 76,
    "pixelRatio": 4,
    "width": 76,
    "x": 1064,
    "y": 960
  },
  "florist": {
    "height": 76,
    "pixelRatio": 4,
    "width": 76,
    "x": 1140,
    "y": 960
  },
  "food": {
    "height": 76,
    "pixelRatio": 4,
    "width": 76,
    "x": 1216,
    "y": 960
  },
  "football_club": {
    "height": 76,
    "pixelRatio": 4,
    "width": 76,
    "x": 1292,
    "y": 960
  },
  "fuel": {
    "height": 76,
    "pixelRatio": 4,
    "width": 76,
    "x": 1368,
    "y": 960
  },
  "furniture": {
    "height": 76,
    "pixelRatio": 4,
    "width": 76,
    "x": 1444,
    "y": 960
  },
  "gallery": {
    "height": 76,
    "pixelRatio": 4,
    "width": 76,
    "x": 1520,
    "y": 960
  },
  "games_zone": {
    "height": 76,
    "pixelRatio": 4,
    "width": 76,
    "x": 0,
    "y": 1036
  },
  "garden": {
    "height": 76,
    "pixelRatio": 4,
    "width": 76,
    "x": 76,
    "y": 1036
  },
  "garden-centre": {
    "height": 76,
    "pixelRatio": 4,
    "width": 76,
    "x": 152,
    "y": 1036
  },
  "gate": {
    "height": 76,
    "pixelRatio": 4,
    "width": 76,
    "x": 228,
    "y": 1036
  },
  "gift": {
    "height": 76,
    "pixelRatio": 4,
    "width": 76,
    "x": 304,
    "y": 1036
  },
  "globe": {
    "height": 76,
    "pixelRatio": 4,
    "width": 76,
    "x": 380,
    "y": 1036
  },
  "golf": {
    "height": 76,
    "pixelRatio": 4,
    "width": 76,
    "x": 456,
    "y": 1036
  },
  "gp": {
    "height": 84,
    "pixelRatio": 4,
    "width": 84,
    "x": 1428,
    "y": 0
  },
  "grocery": {
    "height": 76,
    "pixelRatio": 4,
    "width": 76,
    "x": 532,
    "y": 1036
  },
  "hairdresser": {
    "height": 76,
    "pixelRatio": 4,
    "width": 76,
    "x": 608,
    "y": 1036
  },
  "harbor": {
    "height": 76,
    "pixelRatio": 4,
    "width": 76,
    "x": 684,
    "y": 1036
  },
  "hardware": {
    "height": 76,
    "pixelRatio": 4,
    "width": 76,
    "x": 760,
    "y": 1036
  },
  "heart": {
    "height": 76,
    "pixelRatio": 4,
    "width": 76,
    "x": 836,
    "y": 1036
  },
  "heliport": {
    "height": 76,
    "pixelRatio": 4,
    "width": 76,
    "x": 912,
    "y": 1036
  },
  "highway-rest-area": {
    "height": 76,
    "pixelRatio": 4,
    "width": 76,
    "x": 988,
    "y": 1036
  },
  "historical_place": {
    "height": 76,
    "pixelRatio": 4,
    "width": 76,
    "x": 1064,
    "y": 1036
  },
  "horse-riding": {
    "height": 76,
    "pixelRatio": 4,
    "width": 76,
    "x": 1140,
    "y": 1036
  },
  "hospital": {
    "height": 76,
    "pixelRatio": 4,
    "width": 76,
    "x": 1216,
    "y": 1036
  },
  "hospital-JP": {
    "height": 76,
    "pixelRatio": 4,
    "width": 76,
    "x": 1292,
    "y": 1036
  },
  "hostel": {
    "height": 76,
    "pixelRatio": 4,
    "width": 76,
    "x": 1368,
    "y": 1036
  },
  "hot-spring": {
    "height": 76,
    "pixelRatio": 4,
    "width": 76,
    "x": 1444,
    "y": 1036
  },
  "hotel": {
    "height": 76,
    "pixelRatio": 4,
    "width": 76,
    "x": 1520,
    "y": 1036
  },
  "house": {
    "height": 76,
    "pixelRatio": 4,
    "width": 76,
    "x": 0,
    "y": 1112
  },
  "ice-cream": {
    "height": 76,
    "pixelRatio": 4,
    "width": 76,
    "x": 76,
    "y": 1112
  },
  "industry": {
    "height": 76,
    "pixelRatio": 4,
    "width": 76,
    "x": 152,
    "y": 1112
  },
  "information": {
    "height": 76,
    "pixelRatio": 4,
    "width": 76,
    "x": 228,
    "y": 1112
  },
  "jewelry-store": {
    "height": 76,
    "pixelRatio": 4,
    "width": 76,
    "x": 304,
    "y": 1112
  },
  "karaoke": {
    "height": 76,
    "pixelRatio": 4,
    "width": 76,
    "x": 380,
    "y": 1112
  },
  "landmark": {
    "height": 76,
    "pixelRatio": 4,
    "width": 76,
    "x": 456,
    "y": 1112
  },
  "landmark-JP": {
    "height": 76,
    "pixelRatio": 4,
    "width": 76,
    "x": 532,
    "y": 1112
  },
  "landuse": {
    "height": 76,
    "pixelRatio": 4,
    "width": 76,
    "x": 608,
    "y": 1112
  },
  "laundry": {
    "height": 76,
    "pixelRatio": 4,
    "width": 76,
    "x": 684,
    "y": 1112
  },
  "library": {
    "height": 76,
    "pixelRatio": 4,
    "width": 76,
    "x": 760,
    "y": 1112
  },
  "lift-gate": {
    "height": 76,
    "pixelRatio": 4,
    "width": 76,
    "x": 836,
    "y": 1112
  },
  "lighthouse": {
    "height": 76,
    "pixelRatio": 4,
    "width": 76,
    "x": 912,
    "y": 1112
  },
  "lighthouse-JP": {
    "height": 76,
    "pixelRatio": 4,
    "width": 76,
    "x": 988,
    "y": 1112
  },
  "logging": {
    "height": 76,
    "pixelRatio": 4,
    "width": 76,
    "x": 1064,
    "y": 1112
  },
  "marker": {
    "height": 76,
    "pixelRatio": 4,
    "width": 76,
    "x": 1140,
    "y": 1112
  },
  "marker-stroked": {
    "height": 76,
    "pixelRatio": 4,
    "width": 76,
    "x": 1216,
    "y": 1112
  },
  "marker_landuse": {
    "height": 76,
    "pixelRatio": 4,
    "width": 76,
    "x": 1292,
    "y": 1112
  },
  "marker_recreation": {
    "height": 76,
    "pixelRatio": 4,
    "width": 76,
    "x": 1368,
    "y": 1112
  },
  "marker_transportaion": {
    "height": 76,
    "pixelRatio": 4,
    "width": 76,
    "x": 1444,
    "y": 1112
  },
  "masjid": {
    "height": 76,
    "pixelRatio": 4,
    "width": 76,
    "x": 1520,
    "y": 1112
  },
  "metro": {
    "height": 76,
    "pixelRatio": 4,
    "width": 76,
    "x": 0,
    "y": 1188
  },
  "mobile-phone": {
    "height": 76,
    "pixelRatio": 4,
    "width": 76,
    "x": 76,
    "y": 1188
  },
  "monument": {
    "height": 76,
    "pixelRatio": 4,
    "width": 76,
    "x": 152,
    "y": 1188
  },
  "monument-JP": {
    "height": 76,
    "pixelRatio": 4,
    "width": 76,
    "x": 228,
    "y": 1188
  },
  "mountain": {
    "height": 76,
    "pixelRatio": 4,
    "width": 76,
    "x": 304,
    "y": 1188
  },
  "museum": {
    "height": 76,
    "pixelRatio": 4,
    "width": 76,
    "x": 380,
    "y": 1188
  },
  "music": {
    "height": 76,
    "pixelRatio": 4,
    "width": 76,
    "x": 456,
    "y": 1188
  },
  "nagad": {
    "height": 84,
    "pixelRatio": 4,
    "width": 84,
    "x": 1512,
    "y": 0
  },
  "natural": {
    "height": 76,
    "pixelRatio": 4,
    "width": 76,
    "x": 532,
    "y": 1188
  },
  "observation-tower": {
    "height": 76,
    "pixelRatio": 4,
    "width": 76,
    "x": 608,
    "y": 1188
  },
  "office": {
    "height": 76,
    "pixelRatio": 4,
    "width": 76,
    "x": 684,
    "y": 1188
  },
  "optician": {
    "height": 76,
    "pixelRatio": 4,
    "width": 76,
    "x": 760,
    "y": 1188
  },
  "orphanage": {
    "height": 76,
    "pixelRatio": 4,
    "width": 76,
    "x": 836,
    "y": 1188
  },
  "paint": {
    "height": 76,
    "pixelRatio": 4,
    "width": 76,
    "x": 912,
    "y": 1188
  },
  "park": {
    "height": 76,
    "pixelRatio": 4,
    "width": 76,
    "x": 988,
    "y": 1188
  },
  "parking": {
    "height": 76,
    "pixelRatio": 4,
    "width": 76,
    "x": 1064,
    "y": 1188
  },
  "parking-garage": {
    "height": 76,
    "pixelRatio": 4,
    "width": 76,
    "x": 1140,
    "y": 1188
  },
  "parking-paid": {
    "height": 76,
    "pixelRatio": 4,
    "width": 76,
    "x": 1216,
    "y": 1188
  },
  "pharmacy": {
    "height": 76,
    "pixelRatio": 4,
    "width": 76,
    "x": 1292,
    "y": 1188
  },
  "picnic_spot": {
    "height": 76,
    "pixelRatio": 4,
    "width": 76,
    "x": 1368,
    "y": 1188
  },
  "pitch": {
    "height": 76,
    "pixelRatio": 4,
    "width": 76,
    "x": 1444,
    "y": 1188
  },
  "playground": {
    "height": 76,
    "pixelRatio": 4,
    "width": 76,
    "x": 1520,
    "y": 1188
  },
  "police": {
    "height": 76,
    "pixelRatio": 4,
    "width": 76,
    "x": 0,
    "y": 1264
  },
  "police-JP": {
    "height": 76,
    "pixelRatio": 4,
    "width": 76,
    "x": 76,
    "y": 1264
  },
  "post": {
    "height": 76,
    "pixelRatio": 4,
    "width": 76,
    "x": 152,
    "y": 1264
  },
  "post-JP": {
    "height": 76,
    "pixelRatio": 4,
    "width": 76,
    "x": 228,
    "y": 1264
  },
  "pran": {
    "height": 84,
    "pixelRatio": 4,
    "width": 84,
    "x": 0,
    "y": 724
  },
  "prison": {
    "height": 76,
    "pixelRatio": 4,
    "width": 76,
    "x": 304,
    "y": 1264
  },
  "quarter": {
    "height": 76,
    "pixelRatio": 4,
    "width": 76,
    "x": 380,
    "y": 1264
  },
  "racetrack": {
    "height": 76,
    "pixelRatio": 4,
    "width": 76,
    "x": 456,
    "y": 1264
  },
  "racetrack-boat": {
    "height": 76,
    "pixelRatio": 4,
    "width": 76,
    "x": 532,
    "y": 1264
  },
  "racetrack-cycling": {
    "height": 76,
    "pixelRatio": 4,
    "width": 76,
    "x": 608,
    "y": 1264
  },
  "racetrack-horse": {
    "height": 76,
    "pixelRatio": 4,
    "width": 76,
    "x": 684,
    "y": 1264
  },
  "rail": {
    "height": 76,
    "pixelRatio": 4,
    "width": 76,
    "x": 760,
    "y": 1264
  },
  "rail-light": {
    "height": 76,
    "pixelRatio": 4,
    "width": 76,
    "x": 836,
    "y": 1264
  },
  "rail-metro": {
    "height": 76,
    "pixelRatio": 4,
    "width": 76,
    "x": 912,
    "y": 1264
  },
  "ranger-station": {
    "height": 76,
    "pixelRatio": 4,
    "width": 76,
    "x": 988,
    "y": 1264
  },
  "recycling": {
    "height": 76,
    "pixelRatio": 4,
    "width": 76,
    "x": 1064,
    "y": 1264
  },
  "religious-buddhist": {
    "height": 76,
    "pixelRatio": 4,
    "width": 76,
    "x": 1140,
    "y": 1264
  },
  "religious-christian": {
    "height": 76,
    "pixelRatio": 4,
    "width": 76,
    "x": 1216,
    "y": 1264
  },
  "religious-jewish": {
    "height": 76,
    "pixelRatio": 4,
    "width": 76,
    "x": 1292,
    "y": 1264
  },
  "religious-shinto": {
    "height": 76,
    "pixelRatio": 4,
    "width": 76,
    "x": 1368,
    "y": 1264
  },
  "religious_place": {
    "height": 76,
    "pixelRatio": 4,
    "width": 76,
    "x": 1444,
    "y": 1264
  },
  "residential-community": {
    "height": 76,
    "pixelRatio": 4,
    "width": 76,
    "x": 1520,
    "y": 1264
  },
  "restaurant-bbq": {
    "height": 76,
    "pixelRatio": 4,
    "width": 76,
    "x": 0,
    "y": 1340
  },
  "restaurant-noodle": {
    "height": 76,
    "pixelRatio": 4,
    "width": 76,
    "x": 76,
    "y": 1340
  },
  "restaurant-pizza": {
    "height": 76,
    "pixelRatio": 4,
    "width": 76,
    "x": 152,
    "y": 1340
  },
  "restaurant-seafood": {
    "height": 76,
    "pixelRatio": 4,
    "width": 76,
    "x": 228,
    "y": 1340
  },
  "restaurant-sushi": {
    "height": 76,
    "pixelRatio": 4,
    "width": 76,
    "x": 304,
    "y": 1340
  },
  "rfl": {
    "height": 84,
    "pixelRatio": 4,
    "width": 84,
    "x": 84,
    "y": 724
  },
  "road-accident": {
    "height": 76,
    "pixelRatio": 4,
    "width": 76,
    "x": 380,
    "y": 1340
  },
  "roadblock": {
    "height": 76,
    "pixelRatio": 4,
    "width": 76,
    "x": 456,
    "y": 1340
  },
  "rocket": {
    "height": 76,
    "pixelRatio": 4,
    "width": 76,
    "x": 532,
    "y": 1340
  },
  "school": {
    "height": 76,
    "pixelRatio": 4,
    "width": 76,
    "x": 608,
    "y": 1340
  },
  "school-JP": {
    "height": 76,
    "pixelRatio": 4,
    "width": 76,
    "x": 684,
    "y": 1340
  },
  "scooter": {
    "height": 76,
    "pixelRatio": 4,
    "width": 76,
    "x": 760,
    "y": 1340
  },
  "shelter": {
    "height": 76,
    "pixelRatio": 4,
    "width": 76,
    "x": 836,
    "y": 1340
  },
  "shoe": {
    "height": 76,
    "pixelRatio": 4,
    "width": 76,
    "x": 912,
    "y": 1340
  },
  "shop": {
    "height": 76,
    "pixelRatio": 4,
    "width": 76,
    "x": 988,
    "y": 1340
  },
  "shwapno": {
    "height": 84,
    "pixelRatio": 4,
    "width": 84,
    "x": 168,
    "y": 724
  },
  "skateboard": {
    "height": 76,
    "pixelRatio": 4,
    "width": 76,
    "x": 1064,
    "y": 1340
  },
  "skiing": {
    "height": 76,
    "pixelRatio": 4,
    "width": 76,
    "x": 1140,
    "y": 1340
  },
  "slaughterhouse": {
    "height": 76,
    "pixelRatio": 4,
    "width": 76,
    "x": 1216,
    "y": 1340
  },
  "slipway": {
    "height": 76,
    "pixelRatio": 4,
    "width": 76,
    "x": 1292,
    "y": 1340
  },
  "snowmobile": {
    "height": 76,
    "pixelRatio": 4,
    "width": 76,
    "x": 1368,
    "y": 1340
  },
  "square": {
    "height": 76,
    "pixelRatio": 4,
    "width": 76,
    "x": 1444,
    "y": 1340
  },
  "square-stroked": {
    "height": 76,
    "pixelRatio": 4,
    "width": 76,
    "x": 1520,
    "y": 1340
  },
  "stadium": {
    "height": 76,
    "pixelRatio": 4,
    "width": 76,
    "x": 0,
    "y": 1416
  },
  "star": {
    "height": 104,
    "pixelRatio": 4,
    "width": 104,
    "x": 816,
    "y": 0
  },
  "star-stroked": {
    "height": 76,
    "pixelRatio": 4,
    "width": 76,
    "x": 76,
    "y": 1416
  },
  "swimming_complex": {
    "height": 76,
    "pixelRatio": 4,
    "width": 76,
    "x": 152,
    "y": 1416
  },
  "table-tennis": {
    "height": 76,
    "pixelRatio": 4,
    "width": 76,
    "x": 228,
    "y": 1416
  },
  "teahouse": {
    "height": 76,
    "pixelRatio": 4,
    "width": 76,
    "x": 304,
    "y": 1416
  },
  "telephone": {
    "height": 76,
    "pixelRatio": 4,
    "width": 76,
    "x": 380,
    "y": 1416
  },
  "teletalk": {
    "height": 84,
    "pixelRatio": 4,
    "width": 84,
    "x": 252,
    "y": 724
  },
  "tennis": {
    "height": 76,
    "pixelRatio": 4,
    "width": 76,
    "x": 456,
    "y": 1416
  },
  "terminal": {
    "height": 76,
    "pixelRatio": 4,
    "width": 76,
    "x": 532,
    "y": 1416
  },
  "theatre": {
    "height": 76,
    "pixelRatio": 4,
    "width": 76,
    "x": 608,
    "y": 1416
  },
  "toilet": {
    "height": 76,
    "pixelRatio": 4,
    "width": 76,
    "x": 684,
    "y": 1416
  },
  "tourist_spot": {
    "height": 76,
    "pixelRatio": 4,
    "width": 76,
    "x": 760,
    "y": 1416
  },
  "tourist_spot2": {
    "height": 76,
    "pixelRatio": 4,
    "width": 76,
    "x": 836,
    "y": 1416
  },
  "town-hall": {
    "height": 76,
    "pixelRatio": 4,
    "width": 76,
    "x": 912,
    "y": 1416
  },
  "triangle": {
    "height": 76,
    "pixelRatio": 4,
    "width": 76,
    "x": 988,
    "y": 1416
  },
  "triangle-stroked": {
    "height": 76,
    "pixelRatio": 4,
    "width": 76,
    "x": 1064,
    "y": 1416
  },
  "tunnel": {
    "height": 76,
    "pixelRatio": 4,
    "width": 76,
    "x": 1140,
    "y": 1416
  },
  "veterinary_hospital": {
    "height": 76,
    "pixelRatio": 4,
    "width": 76,
    "x": 1216,
    "y": 1416
  },
  "viewpoint": {
    "height": 76,
    "pixelRatio": 4,
    "width": 76,
    "x": 1292,
    "y": 1416
  },
  "village": {
    "height": 76,
    "pixelRatio": 4,
    "width": 76,
    "x": 1368,
    "y": 1416
  },
  "volcano": {
    "height": 76,
    "pixelRatio": 4,
    "width": 76,
    "x": 1444,
    "y": 1416
  },
  "volleyball": {
    "height": 76,
    "pixelRatio": 4,
    "width": 76,
    "x": 1520,
    "y": 1416
  },
  "warehouse": {
    "height": 76,
    "pixelRatio": 4,
    "width": 76,
    "x": 0,
    "y": 1492
  },
  "waste-basket": {
    "height": 76,
    "pixelRatio": 4,
    "width": 76,
    "x": 76,
    "y": 1492
  },
  "watch": {
    "height": 76,
    "pixelRatio": 4,
    "width": 76,
    "x": 152,
    "y": 1492
  },
  "waterfall": {
    "height": 76,
    "pixelRatio": 4,
    "width": 76,
    "x": 228,
    "y": 1492
  },
  "watermill": {
    "height": 76,
    "pixelRatio": 4,
    "width": 76,
    "x": 304,
    "y": 1492
  },
  "wetland": {
    "height": 76,
    "pixelRatio": 4,
    "width": 76,
    "x": 380,
    "y": 1492
  },
  "wheelchair": {
    "height": 76,
    "pixelRatio": 4,
    "width": 76,
    "x": 456,
    "y": 1492
  },
  "zoo": {
    "height": 76,
    "pixelRatio": 4,
    "width": 76,
    "x": 532,
    "y": 1492
  }
}