{
  "Barikoi Icon_19": {
    "height": 38,
    "pixelRatio": 2,
    "width": 38,
    "x": 210,
    "y": 362
  },
  "Barikoi Icon_21": {
    "height": 42,
    "pixelRatio": 2,
    "width": 42,
    "x": 506,
    "y": 0
  },
  "Green": {
    "height": 18,
    "pixelRatio": 2,
    "width": 30,
    "x": 508,
    "y": 746
  },
  "Polar_Icon": {
    "height": 362,
    "pixelRatio": 2,
    "width": 408,
    "x": 0,
    "y": 0
  },
  "Rectangle Stroke": {
    "height": 42,
    "pixelRatio": 2,
    "width": 40,
    "x": 548,
    "y": 0
  },
  "Rectangle fill": {
    "height": 38,
    "pixelRatio": 2,
    "width": 36,
    "x": 248,
    "y": 362
  },
  "Triangle fill": {
    "height": 38,
    "pixelRatio": 2,
    "width": 42,
    "x": 284,
    "y": 362
  },
  "Triangle stroke": {
    "height": 44,
    "pixelRatio": 2,
    "width": 46,
    "x": 460,
    "y": 0
  },
  "Yellow": {
    "height": 22,
    "pixelRatio": 2,
    "width": 48,
    "x": 460,
    "y": 746
  },
  "airport": {
    "height": 38,
    "pixelRatio": 2,
    "width": 38,
    "x": 326,
    "y": 362
  },
  "airport_terminal": {
    "height": 38,
    "pixelRatio": 2,
    "width": 38,
    "x": 364,
    "y": 362
  },
  "airtel": {
    "height": 42,
    "pixelRatio": 2,
    "width": 42,
    "x": 588,
    "y": 0
  },
  "amusement_park": {
    "height": 38,
    "pixelRatio": 2,
    "width": 38,
    "x": 402,
    "y": 362
  },
  "animal-shelter": {
    "height": 38,
    "pixelRatio": 2,
    "width": 38,
    "x": 440,
    "y": 362
  },
  "apartment": {
    "height": 38,
    "pixelRatio": 2,
    "width": 38,
    "x": 478,
    "y": 362
  },
  "apartment (copy)": {
    "height": 38,
    "pixelRatio": 2,
    "width": 38,
    "x": 516,
    "y": 362
  },
  "apartment_complex": {
    "height": 38,
    "pixelRatio": 2,
    "width": 38,
    "x": 554,
    "y": 362
  },
  "aquarium": {
    "height": 38,
    "pixelRatio": 2,
    "width": 38,
    "x": 592,
    "y": 362
  },
  "arrow_black": {
    "height": 30,
    "pixelRatio": 2,
    "width": 40,
    "x": 380,
    "y": 746
  },
  "arrow_white": {
    "height": 30,
    "pixelRatio": 2,
    "width": 40,
    "x": 420,
    "y": 746
  },
  "atm": {
    "height": 38,
    "pixelRatio": 2,
    "width": 38,
    "x": 630,
    "y": 362
  },
  "attraction": {
    "height": 38,
    "pixelRatio": 2,
    "width": 38,
    "x": 668,
    "y": 362
  },
  "bakery": {
    "height": 38,
    "pixelRatio": 2,
    "width": 38,
    "x": 706,
    "y": 362
  },
  "banglalink": {
    "height": 42,
    "pixelRatio": 2,
    "width": 42,
    "x": 630,
    "y": 0
  },
  "bank": {
    "height": 38,
    "pixelRatio": 2,
    "width": 38,
    "x": 744,
    "y": 362
  },
  "bar": {
    "height": 38,
    "pixelRatio": 2,
    "width": 38,
    "x": 0,
    "y": 404
  },
  "barikoi_icon": {
    "height": 38,
    "pixelRatio": 2,
    "width": 38,
    "x": 38,
    "y": 404
  },
  "barrier": {
    "height": 38,
    "pixelRatio": 2,
    "width": 38,
    "x": 76,
    "y": 404
  },
  "baseball": {
    "height": 38,
    "pixelRatio": 2,
    "width": 38,
    "x": 114,
    "y": 404
  },
  "basketball": {
    "height": 38,
    "pixelRatio": 2,
    "width": 38,
    "x": 152,
    "y": 404
  },
  "beach": {
    "height": 38,
    "pixelRatio": 2,
    "width": 38,
    "x": 190,
    "y": 404
  },
  "bicycle-share": {
    "height": 38,
    "pixelRatio": 2,
    "width": 38,
    "x": 228,
    "y": 404
  },
  "bkash": {
    "height": 42,
    "pixelRatio": 2,
    "width": 42,
    "x": 672,
    "y": 0
  },
  "blood_bank": {
    "height": 38,
    "pixelRatio": 2,
    "width": 38,
    "x": 266,
    "y": 404
  },
  "bowling-alley": {
    "height": 38,
    "pixelRatio": 2,
    "width": 38,
    "x": 304,
    "y": 404
  },
  "bridge": {
    "height": 38,
    "pixelRatio": 2,
    "width": 38,
    "x": 342,
    "y": 404
  },
  "bus": {
    "height": 38,
    "pixelRatio": 2,
    "width": 38,
    "x": 380,
    "y": 404
  },
  "cafe": {
    "height": 38,
    "pixelRatio": 2,
    "width": 38,
    "x": 418,
    "y": 404
  },
  "campsite": {
    "height": 38,
    "pixelRatio": 2,
    "width": 38,
    "x": 456,
    "y": 404
  },
  "car": {
    "height": 38,
    "pixelRatio": 2,
    "width": 38,
    "x": 494,
    "y": 404
  },
  "car-rental": {
    "height": 38,
    "pixelRatio": 2,
    "width": 38,
    "x": 532,
    "y": 404
  },
  "car-repair": {
    "height": 38,
    "pixelRatio": 2,
    "width": 38,
    "x": 570,
    "y": 404
  },
  "casino": {
    "height": 38,
    "pixelRatio": 2,
    "width": 38,
    "x": 608,
    "y": 404
  },
  "castle": {
    "height": 38,
    "pixelRatio": 2,
    "width": 38,
    "x": 646,
    "y": 404
  },
  "castle-JP": {
    "height": 38,
    "pixelRatio": 2,
    "width": 38,
    "x": 684,
    "y": 404
  },
  "caution": {
    "height": 38,
    "pixelRatio": 2,
    "width": 38,
    "x": 722,
    "y": 404
  },
  "cemetery": {
    "height": 38,
    "pixelRatio": 2,
    "width": 38,
    "x": 760,
    "y": 404
  },
  "cemetery-JP": {
    "height": 38,
    "pixelRatio": 2,
    "width": 38,
    "x": 0,
    "y": 442
  },
  "charging-station": {
    "height": 38,
    "pixelRatio": 2,
    "width": 38,
    "x": 38,
    "y": 442
  },
  "cinema_hall": {
    "height": 38,
    "pixelRatio": 2,
    "width": 38,
    "x": 76,
    "y": 442
  },
  "circle": {
    "height": 38,
    "pixelRatio": 2,
    "width": 38,
    "x": 114,
    "y": 442
  },
  "circle-stroked": {
    "height": 38,
    "pixelRatio": 2,
    "width": 38,
    "x": 152,
    "y": 442
  },
  "city": {
    "height": 38,
    "pixelRatio": 2,
    "width": 38,
    "x": 190,
    "y": 442
  },
  "clothing-store": {
    "height": 38,
    "pixelRatio": 2,
    "width": 38,
    "x": 228,
    "y": 442
  },
  "college": {
    "height": 38,
    "pixelRatio": 2,
    "width": 38,
    "x": 266,
    "y": 442
  },
  "college-JP": {
    "height": 38,
    "pixelRatio": 2,
    "width": 38,
    "x": 304,
    "y": 442
  },
  "commercial": {
    "height": 38,
    "pixelRatio": 2,
    "width": 38,
    "x": 342,
    "y": 442
  },
  "communications-tower": {
    "height": 38,
    "pixelRatio": 2,
    "width": 38,
    "x": 380,
    "y": 442
  },
  "confectionery": {
    "height": 38,
    "pixelRatio": 2,
    "width": 38,
    "x": 418,
    "y": 442
  },
  "construction": {
    "height": 38,
    "pixelRatio": 2,
    "width": 38,
    "x": 456,
    "y": 442
  },
  "convenience": {
    "height": 38,
    "pixelRatio": 2,
    "width": 38,
    "x": 494,
    "y": 442
  },
  "cricket_club": {
    "height": 38,
    "pixelRatio": 2,
    "width": 38,
    "x": 532,
    "y": 442
  },
  "cross": {
    "height": 38,
    "pixelRatio": 2,
    "width": 38,
    "x": 570,
    "y": 442
  },
  "cycle_shop": {
    "height": 38,
    "pixelRatio": 2,
    "width": 38,
    "x": 608,
    "y": 442
  },
  "dam": {
    "height": 38,
    "pixelRatio": 2,
    "width": 38,
    "x": 646,
    "y": 442
  },
  "danger": {
    "height": 38,
    "pixelRatio": 2,
    "width": 38,
    "x": 684,
    "y": 442
  },
  "defibrillator": {
    "height": 38,
    "pixelRatio": 2,
    "width": 38,
    "x": 722,
    "y": 442
  },
  "dentist": {
    "height": 38,
    "pixelRatio": 2,
    "width": 38,
    "x": 760,
    "y": 442
  },
  "diamond": {
    "height": 38,
    "pixelRatio": 2,
    "width": 38,
    "x": 0,
    "y": 480
  },
  "doctor": {
    "height": 38,
    "pixelRatio": 2,
    "width": 38,
    "x": 38,
    "y": 480
  },
  "dog-park": {
    "height": 38,
    "pixelRatio": 2,
    "width": 38,
    "x": 76,
    "y": 480
  },
  "drinking-water": {
    "height": 38,
    "pixelRatio": 2,
    "width": 38,
    "x": 114,
    "y": 480
  },
  "elevator": {
    "height": 38,
    "pixelRatio": 2,
    "width": 38,
    "x": 152,
    "y": 480
  },
  "embassy": {
    "height": 38,
    "pixelRatio": 2,
    "width": 38,
    "x": 190,
    "y": 480
  },
  "emergency-phone": {
    "height": 38,
    "pixelRatio": 2,
    "width": 38,
    "x": 228,
    "y": 480
  },
  "entrance": {
    "height": 38,
    "pixelRatio": 2,
    "width": 38,
    "x": 266,
    "y": 480
  },
  "entrance-alt1": {
    "height": 38,
    "pixelRatio": 2,
    "width": 38,
    "x": 304,
    "y": 480
  },
  "farm": {
    "height": 38,
    "pixelRatio": 2,
    "width": 38,
    "x": 342,
    "y": 480
  },
  "fast-food": {
    "height": 38,
    "pixelRatio": 2,
    "width": 38,
    "x": 380,
    "y": 480
  },
  "fence": {
    "height": 38,
    "pixelRatio": 2,
    "width": 38,
    "x": 418,
    "y": 480
  },
  "ferry": {
    "height": 38,
    "pixelRatio": 2,
    "width": 38,
    "x": 456,
    "y": 480
  },
  "ferry-JP": {
    "height": 38,
    "pixelRatio": 2,
    "width": 38,
    "x": 494,
    "y": 480
  },
  "fire-station-JP": {
    "height": 38,
    "pixelRatio": 2,
    "width": 38,
    "x": 532,
    "y": 480
  },
  "fire_service": {
    "height": 38,
    "pixelRatio": 2,
    "width": 38,
    "x": 570,
    "y": 480
  },
  "fitness-centre": {
    "height": 38,
    "pixelRatio": 2,
    "width": 38,
    "x": 608,
    "y": 480
  },
  "florist": {
    "height": 38,
    "pixelRatio": 2,
    "width": 38,
    "x": 646,
    "y": 480
  },
  "food": {
    "height": 38,
    "pixelRatio": 2,
    "width": 38,
    "x": 684,
    "y": 480
  },
  "football_club": {
    "height": 38,
    "pixelRatio": 2,
    "width": 38,
    "x": 722,
    "y": 480
  },
  "fuel": {
    "height": 38,
    "pixelRatio": 2,
    "width": 38,
    "x": 760,
    "y": 480
  },
  "furniture": {
    "height": 38,
    "pixelRatio": 2,
    "width": 38,
    "x": 0,
    "y": 518
  },
  "gallery": {
    "height": 38,
    "pixelRatio": 2,
    "width": 38,
    "x": 38,
    "y": 518
  },
  "games_zone": {
    "height": 38,
    "pixelRatio": 2,
    "width": 38,
    "x": 76,
    "y": 518
  },
  "garden": {
    "height": 38,
    "pixelRatio": 2,
    "width": 38,
    "x": 114,
    "y": 518
  },
  "garden-centre": {
    "height": 38,
    "pixelRatio": 2,
    "width": 38,
    "x": 152,
    "y": 518
  },
  "gate": {
    "height": 38,
    "pixelRatio": 2,
    "width": 38,
    "x": 190,
    "y": 518
  },
  "gift": {
    "height": 38,
    "pixelRatio": 2,
    "width": 38,
    "x": 228,
    "y": 518
  },
  "globe": {
    "height": 38,
    "pixelRatio": 2,
    "width": 38,
    "x": 266,
    "y": 518
  },
  "golf": {
    "height": 38,
    "pixelRatio": 2,
    "width": 38,
    "x": 304,
    "y": 518
  },
  "gp": {
    "height": 42,
    "pixelRatio": 2,
    "width": 42,
    "x": 714,
    "y": 0
  },
  "grocery": {
    "height": 38,
    "pixelRatio": 2,
    "width": 38,
    "x": 342,
    "y": 518
  },
  "hairdresser": {
    "height": 38,
    "pixelRatio": 2,
    "width": 38,
    "x": 380,
    "y": 518
  },
  "harbor": {
    "height": 38,
    "pixelRatio": 2,
    "width": 38,
    "x": 418,
    "y": 518
  },
  "hardware": {
    "height": 38,
    "pixelRatio": 2,
    "width": 38,
    "x": 456,
    "y": 518
  },
  "heart": {
    "height": 38,
    "pixelRatio": 2,
    "width": 38,
    "x": 494,
    "y": 518
  },
  "heliport": {
    "height": 38,
    "pixelRatio": 2,
    "width": 38,
    "x": 532,
    "y": 518
  },
  "highway-rest-area": {
    "height": 38,
    "pixelRatio": 2,
    "width": 38,
    "x": 570,
    "y": 518
  },
  "historical_place": {
    "height": 38,
    "pixelRatio": 2,
    "width": 38,
    "x": 608,
    "y": 518
  },
  "horse-riding": {
    "height": 38,
    "pixelRatio": 2,
    "width": 38,
    "x": 646,
    "y": 518
  },
  "hospital": {
    "height": 38,
    "pixelRatio": 2,
    "width": 38,
    "x": 684,
    "y": 518
  },
  "hospital-JP": {
    "height": 38,
    "pixelRatio": 2,
    "width": 38,
    "x": 722,
    "y": 518
  },
  "hostel": {
    "height": 38,
    "pixelRatio": 2,
    "width": 38,
    "x": 760,
    "y": 518
  },
  "hot-spring": {
    "height": 38,
    "pixelRatio": 2,
    "width": 38,
    "x": 0,
    "y": 556
  },
  "hotel": {
    "height": 38,
    "pixelRatio": 2,
    "width": 38,
    "x": 38,
    "y": 556
  },
  "house": {
    "height": 38,
    "pixelRatio": 2,
    "width": 38,
    "x": 76,
    "y": 556
  },
  "ice-cream": {
    "height": 38,
    "pixelRatio": 2,
    "width": 38,
    "x": 114,
    "y": 556
  },
  "industry": {
    "height": 38,
    "pixelRatio": 2,
    "width": 38,
    "x": 152,
    "y": 556
  },
  "information": {
    "height": 38,
    "pixelRatio": 2,
    "width": 38,
    "x": 190,
    "y": 556
  },
  "jewelry-store": {
    "height": 38,
    "pixelRatio": 2,
    "width": 38,
    "x": 228,
    "y": 556
  },
  "karaoke": {
    "height": 38,
    "pixelRatio": 2,
    "width": 38,
    "x": 266,
    "y": 556
  },
  "landmark": {
    "height": 38,
    "pixelRatio": 2,
    "width": 38,
    "x": 304,
    "y": 556
  },
  "landmark-JP": {
    "height": 38,
    "pixelRatio": 2,
    "width": 38,
    "x": 342,
    "y": 556
  },
  "landuse": {
    "height": 38,
    "pixelRatio": 2,
    "width": 38,
    "x": 380,
    "y": 556
  },
  "laundry": {
    "height": 38,
    "pixelRatio": 2,
    "width": 38,
    "x": 418,
    "y": 556
  },
  "library": {
    "height": 38,
    "pixelRatio": 2,
    "width": 38,
    "x": 456,
    "y": 556
  },
  "lift-gate": {
    "height": 38,
    "pixelRatio": 2,
    "width": 38,
    "x": 494,
    "y": 556
  },
  "lighthouse": {
    "height": 38,
    "pixelRatio": 2,
    "width": 38,
    "x": 532,
    "y": 556
  },
  "lighthouse-JP": {
    "height": 38,
    "pixelRatio": 2,
    "width": 38,
    "x": 570,
    "y": 556
  },
  "logging": {
    "height": 38,
    "pixelRatio": 2,
    "width": 38,
    "x": 608,
    "y": 556
  },
  "marker": {
    "height": 38,
    "pixelRatio": 2,
    "width": 38,
    "x": 646,
    "y": 556
  },
  "marker-stroked": {
    "height": 38,
    "pixelRatio": 2,
    "width": 38,
    "x": 684,
    "y": 556
  },
  "marker_landuse": {
    "height": 38,
    "pixelRatio": 2,
    "width": 38,
    "x": 722,
    "y": 556
  },
  "marker_recreation": {
    "height": 38,
    "pixelRatio": 2,
    "width": 38,
    "x": 760,
    "y": 556
  },
  "marker_transportaion": {
    "height": 38,
    "pixelRatio": 2,
    "width": 38,
    "x": 0,
    "y": 594
  },
  "masjid": {
    "height": 38,
    "pixelRatio": 2,
    "width": 38,
    "x": 38,
    "y": 594
  },
  "metro": {
    "height": 38,
    "pixelRatio": 2,
    "width": 38,
    "x": 76,
    "y": 594
  },
  "mobile-phone": {
    "height": 38,
    "pixelRatio": 2,
    "width": 38,
    "x": 114,
    "y": 594
  },
  "monument": {
    "height": 38,
    "pixelRatio": 2,
    "width": 38,
    "x": 152,
    "y": 594
  },
  "monument-JP": {
    "height": 38,
    "pixelRatio": 2,
    "width": 38,
    "x": 190,
    "y": 594
  },
  "mountain": {
    "height": 38,
    "pixelRatio": 2,
    "width": 38,
    "x": 228,
    "y": 594
  },
  "museum": {
    "height": 38,
    "pixelRatio": 2,
    "width": 38,
    "x": 266,
    "y": 594
  },
  "music": {
    "height": 38,
    "pixelRatio": 2,
    "width": 38,
    "x": 304,
    "y": 594
  },
  "nagad": {
    "height": 42,
    "pixelRatio": 2,
    "width": 42,
    "x": 756,
    "y": 0
  },
  "natural": {
    "height": 38,
    "pixelRatio": 2,
    "width": 38,
    "x": 342,
    "y": 594
  },
  "observation-tower": {
    "height": 38,
    "pixelRatio": 2,
    "width": 38,
    "x": 380,
    "y": 594
  },
  "office": {
    "height": 38,
    "pixelRatio": 2,
    "width": 38,
    "x": 418,
    "y": 594
  },
  "optician": {
    "height": 38,
    "pixelRatio": 2,
    "width": 38,
    "x": 456,
    "y": 594
  },
  "orphanage": {
    "height": 38,
    "pixelRatio": 2,
    "width": 38,
    "x": 494,
    "y": 594
  },
  "paint": {
    "height": 38,
    "pixelRatio": 2,
    "width": 38,
    "x": 532,
    "y": 594
  },
  "park": {
    "height": 38,
    "pixelRatio": 2,
    "width": 38,
    "x": 570,
    "y": 594
  },
  "parking": {
    "height": 38,
    "pixelRatio": 2,
    "width": 38,
    "x": 608,
    "y": 594
  },
  "parking-garage": {
    "height": 38,
    "pixelRatio": 2,
    "width": 38,
    "x": 646,
    "y": 594
  },
  "parking-paid": {
    "height": 38,
    "pixelRatio": 2,
    "width": 38,
    "x": 684,
    "y": 594
  },
  "pharmacy": {
    "height": 38,
    "pixelRatio": 2,
    "width": 38,
    "x": 722,
    "y": 594
  },
  "picnic_spot": {
    "height": 38,
    "pixelRatio": 2,
    "width": 38,
    "x": 760,
    "y": 594
  },
  "pitch": {
    "height": 38,
    "pixelRatio": 2,
    "width": 38,
    "x": 0,
    "y": 632
  },
  "playground": {
    "height": 38,
    "pixelRatio": 2,
    "width": 38,
    "x": 38,
    "y": 632
  },
  "police": {
    "height": 38,
    "pixelRatio": 2,
    "width": 38,
    "x": 76,
    "y": 632
  },
  "police-JP": {
    "height": 38,
    "pixelRatio": 2,
    "width": 38,
    "x": 114,
    "y": 632
  },
  "post": {
    "height": 38,
    "pixelRatio": 2,
    "width": 38,
    "x": 152,
    "y": 632
  },
  "post-JP": {
    "height": 38,
    "pixelRatio": 2,
    "width": 38,
    "x": 190,
    "y": 632
  },
  "post_office": {
    "height": 42,
    "pixelRatio": 2,
    "width": 42,
    "x": 0,
    "y": 362
  },
  "pran": {
    "height": 42,
    "pixelRatio": 2,
    "width": 42,
    "x": 42,
    "y": 362
  },
  "prison": {
    "height": 38,
    "pixelRatio": 2,
    "width": 38,
    "x": 228,
    "y": 632
  },
  "quarter": {
    "height": 38,
    "pixelRatio": 2,
    "width": 38,
    "x": 266,
    "y": 632
  },
  "racetrack": {
    "height": 38,
    "pixelRatio": 2,
    "width": 38,
    "x": 304,
    "y": 632
  },
  "racetrack-boat": {
    "height": 38,
    "pixelRatio": 2,
    "width": 38,
    "x": 342,
    "y": 632
  },
  "racetrack-cycling": {
    "height": 38,
    "pixelRatio": 2,
    "width": 38,
    "x": 380,
    "y": 632
  },
  "racetrack-horse": {
    "height": 38,
    "pixelRatio": 2,
    "width": 38,
    "x": 418,
    "y": 632
  },
  "rail": {
    "height": 38,
    "pixelRatio": 2,
    "width": 38,
    "x": 456,
    "y": 632
  },
  "rail-light": {
    "height": 38,
    "pixelRatio": 2,
    "width": 38,
    "x": 494,
    "y": 632
  },
  "rail-metro": {
    "height": 38,
    "pixelRatio": 2,
    "width": 38,
    "x": 532,
    "y": 632
  },
  "ranger-station": {
    "height": 38,
    "pixelRatio": 2,
    "width": 38,
    "x": 570,
    "y": 632
  },
  "recycling": {
    "height": 38,
    "pixelRatio": 2,
    "width": 38,
    "x": 608,
    "y": 632
  },
  "religious-buddhist": {
    "height": 38,
    "pixelRatio": 2,
    "width": 38,
    "x": 646,
    "y": 632
  },
  "religious-christian": {
    "height": 38,
    "pixelRatio": 2,
    "width": 38,
    "x": 684,
    "y": 632
  },
  "religious-jewish": {
    "height": 38,
    "pixelRatio": 2,
    "width": 38,
    "x": 722,
    "y": 632
  },
  "religious-shinto": {
    "height": 38,
    "pixelRatio": 2,
    "width": 38,
    "x": 760,
    "y": 632
  },
  "religious_place": {
    "height": 38,
    "pixelRatio": 2,
    "width": 38,
    "x": 0,
    "y": 670
  },
  "residential-community": {
    "height": 38,
    "pixelRatio": 2,
    "width": 38,
    "x": 38,
    "y": 670
  },
  "restaurant-bbq": {
    "height": 38,
    "pixelRatio": 2,
    "width": 38,
    "x": 76,
    "y": 670
  },
  "restaurant-noodle": {
    "height": 38,
    "pixelRatio": 2,
    "width": 38,
    "x": 114,
    "y": 670
  },
  "restaurant-pizza": {
    "height": 38,
    "pixelRatio": 2,
    "width": 38,
    "x": 152,
    "y": 670
  },
  "restaurant-seafood": {
    "height": 38,
    "pixelRatio": 2,
    "width": 38,
    "x": 190,
    "y": 670
  },
  "restaurant-sushi": {
    "height": 38,
    "pixelRatio": 2,
    "width": 38,
    "x": 228,
    "y": 670
  },
  "rfl": {
    "height": 42,
    "pixelRatio": 2,
    "width": 42,
    "x": 84,
    "y": 362
  },
  "road-accident": {
    "height": 38,
    "pixelRatio": 2,
    "width": 38,
    "x": 266,
    "y": 670
  },
  "roadblock": {
    "height": 38,
    "pixelRatio": 2,
    "width": 38,
    "x": 304,
    "y": 670
  },
  "rocket": {
    "height": 38,
    "pixelRatio": 2,
    "width": 38,
    "x": 342,
    "y": 670
  },
  "school": {
    "height": 38,
    "pixelRatio": 2,
    "width": 38,
    "x": 380,
    "y": 670
  },
  "school-JP": {
    "height": 38,
    "pixelRatio": 2,
    "width": 38,
    "x": 418,
    "y": 670
  },
  "scooter": {
    "height": 38,
    "pixelRatio": 2,
    "width": 38,
    "x": 456,
    "y": 670
  },
  "shelter": {
    "height": 38,
    "pixelRatio": 2,
    "width": 38,
    "x": 494,
    "y": 670
  },
  "shoe": {
    "height": 38,
    "pixelRatio": 2,
    "width": 38,
    "x": 532,
    "y": 670
  },
  "shop": {
    "height": 38,
    "pixelRatio": 2,
    "width": 38,
    "x": 570,
    "y": 670
  },
  "shwapno": {
    "height": 42,
    "pixelRatio": 2,
    "width": 42,
    "x": 126,
    "y": 362
  },
  "skateboard": {
    "height": 38,
    "pixelRatio": 2,
    "width": 38,
    "x": 608,
    "y": 670
  },
  "skiing": {
    "height": 38,
    "pixelRatio": 2,
    "width": 38,
    "x": 646,
    "y": 670
  },
  "slaughterhouse": {
    "height": 38,
    "pixelRatio": 2,
    "width": 38,
    "x": 684,
    "y": 670
  },
  "slipway": {
    "height": 38,
    "pixelRatio": 2,
    "width": 38,
    "x": 722,
    "y": 670
  },
  "snowmobile": {
    "height": 38,
    "pixelRatio": 2,
    "width": 38,
    "x": 760,
    "y": 670
  },
  "square": {
    "height": 38,
    "pixelRatio": 2,
    "width": 38,
    "x": 0,
    "y": 708
  },
  "square-stroked": {
    "height": 38,
    "pixelRatio": 2,
    "width": 38,
    "x": 38,
    "y": 708
  },
  "stadium": {
    "height": 38,
    "pixelRatio": 2,
    "width": 38,
    "x": 76,
    "y": 708
  },
  "star": {
    "height": 52,
    "pixelRatio": 2,
    "width": 52,
    "x": 408,
    "y": 0
  },
  "star-stroked": {
    "height": 38,
    "pixelRatio": 2,
    "width": 38,
    "x": 114,
    "y": 708
  },
  "swimming_complex": {
    "height": 38,
    "pixelRatio": 2,
    "width": 38,
    "x": 152,
    "y": 708
  },
  "table-tennis": {
    "height": 38,
    "pixelRatio": 2,
    "width": 38,
    "x": 190,
    "y": 708
  },
  "teahouse": {
    "height": 38,
    "pixelRatio": 2,
    "width": 38,
    "x": 228,
    "y": 708
  },
  "telephone": {
    "height": 38,
    "pixelRatio": 2,
    "width": 38,
    "x": 266,
    "y": 708
  },
  "teletalk": {
    "height": 42,
    "pixelRatio": 2,
    "width": 42,
    "x": 168,
    "y": 362
  },
  "tennis": {
    "height": 38,
    "pixelRatio": 2,
    "width": 38,
    "x": 304,
    "y": 708
  },
  "terminal": {
    "height": 38,
    "pixelRatio": 2,
    "width": 38,
    "x": 342,
    "y": 708
  },
  "theatre": {
    "height": 38,
    "pixelRatio": 2,
    "width": 38,
    "x": 380,
    "y": 708
  },
  "toilet": {
    "height": 38,
    "pixelRatio": 2,
    "width": 38,
    "x": 418,
    "y": 708
  },
  "tourist_spot": {
    "height": 38,
    "pixelRatio": 2,
    "width": 38,
    "x": 456,
    "y": 708
  },
  "tourist_spot2": {
    "height": 38,
    "pixelRatio": 2,
    "width": 38,
    "x": 494,
    "y": 708
  },
  "town-hall": {
    "height": 38,
    "pixelRatio": 2,
    "width": 38,
    "x": 532,
    "y": 708
  },
  "triangle": {
    "height": 38,
    "pixelRatio": 2,
    "width": 38,
    "x": 570,
    "y": 708
  },
  "triangle-stroked": {
    "height": 38,
    "pixelRatio": 2,
    "width": 38,
    "x": 608,
    "y": 708
  },
  "tunnel": {
    "height": 38,
    "pixelRatio": 2,
    "width": 38,
    "x": 646,
    "y": 708
  },
  "veterinary_hospital": {
    "height": 38,
    "pixelRatio": 2,
    "width": 38,
    "x": 684,
    "y": 708
  },
  "viewpoint": {
    "height": 38,
    "pixelRatio": 2,
    "width": 38,
    "x": 722,
    "y": 708
  },
  "village": {
    "height": 38,
    "pixelRatio": 2,
    "width": 38,
    "x": 760,
    "y": 708
  },
  "volcano": {
    "height": 38,
    "pixelRatio": 2,
    "width": 38,
    "x": 0,
    "y": 746
  },
  "volleyball": {
    "height": 38,
    "pixelRatio": 2,
    "width": 38,
    "x": 38,
    "y": 746
  },
  "warehouse": {
    "height": 38,
    "pixelRatio": 2,
    "width": 38,
    "x": 76,
    "y": 746
  },
  "waste-basket": {
    "height": 38,
    "pixelRatio": 2,
    "width": 38,
    "x": 114,
    "y": 746
  },
  "watch": {
    "height": 38,
    "pixelRatio": 2,
    "width": 38,
    "x": 152,
    "y": 746
  },
  "waterfall": {
    "height": 38,
    "pixelRatio": 2,
    "width": 38,
    "x": 190,
    "y": 746
  },
  "watermill": {
    "height": 38,
    "pixelRatio": 2,
    "width": 38,
    "x": 228,
    "y": 746
  },
  "wetland": {
    "height": 38,
    "pixelRatio": 2,
    "width": 38,
    "x": 266,
    "y": 746
  },
  "wheelchair": {
    "height": 38,
    "pixelRatio": 2,
    "width": 38,
    "x": 304,
    "y": 746
  },
  "zoo": {
    "height": 38,
    "pixelRatio": 2,
    "width": 38,
    "x": 342,
    "y": 746
  }
}