{
  "version": 8,
  "name": "Barikoi Bangla",
  "metadata": {
    "maputnik:license": "https://github.com/maputnik/osm-liberty/blob/gh-pages/LICENSE.md",
    "maputnik:renderer": "mbgljs",
    "openmaptiles:version": "3.x"
  },
  "sources": {
    "openmaptiles": {
      "type": "vector",
      "url": "https://tiles.bmapsbd.com/bangladesh,nepal,bhutan,pakistan,myanmar,sri-lanka,india"
    },
    "admin": {
      "type": "vector",
      "url": "https://tiles.bmapsbd.com/admin"
    },
    "village": {
      "type": "vector",
      "url": "https://tiles.bmapsbd.com/village"
    },
    "data": {
      "type": "vector",
      "url": "https://tiles.bmapsbd.com/poi"
    },
    "natural_earth_shaded_relief": {
      "maxzoom": 6,
      "tileSize": 256,
      "tiles": [
        "https://klokantech.github.io/naturalearthtiles/tiles/natural_earth_2_shaded_relief.raster/{z}/{x}/{y}.png"
      ],
      "type": "raster"
    }
  },
  "sprite": "{styleJsonFolder}/sprite",
  "glyphs": "https://tiles.bmapsbd.com/font/{fontstack}/{range}",
  "layers": [
    {
      "id": "background",
      "type": "background",
      "paint": {
        "background-color": "#ECEEF0"
      }
    },
    {
      "id": "natural_earth",
      "type": "raster",
      "source": "natural_earth_shaded_relief",
      "maxzoom": 6,
      "paint": {
        "raster-opacity": {
          "base": 1.5,
          "stops": [
            [0, 0.6],
            [6, 0.1]
          ]
        }
      }
    },
    {
      "id": "park",
      "type": "fill",
      "source": "openmaptiles",
      "source-layer": "park",
      "paint": {
        "fill-color": "#d8e8c8",
        "fill-opacity": 0.7,
        "fill-outline-color": "rgba(95, 208, 100, 1)"
      }
    },
    {
      "id": "park_outline",
      "type": "line",
      "source": "openmaptiles",
      "source-layer": "park",
      "paint": {
        "line-dasharray": [1, 1.5],
        "line-color": "rgba(228, 241, 215, 1)"
      }
    },
    {
      "id": "landuse_residential",
      "type": "fill",
      "source": "openmaptiles",
      "source-layer": "landuse",
      "minzoom": 14,
      "filter": ["==", "class", "residential"],
      "paint": {
        "fill-color": {
          "base": 1,
          "stops": [
            [9, "#E8E8E8"],
            [12, "#E8E8E8"]
          ]
        }
      }
    },
    {
      "id": "landuse_commercial",
      "type": "fill",
      "source": "openmaptiles",
      "source-layer": "landuse",
      "minzoom": 14,
      "filter": ["==", "class", "commercial"],
      "paint": {
        "fill-color": {
          "base": 1,
          "stops": [
            [9, "#FFFAEF"],
            [12, "#FFFAEF"]
          ]
        }
      }
    },
    {
      "id": "landcover_wood",
      "type": "fill",
      "source": "openmaptiles",
      "source-layer": "landcover",
      "filter": ["all", ["==", "class", "wood"]],
      "paint": {
        "fill-antialias": false,
        "fill-color": "#A8DAB5",
        "fill-opacity": 0.4
      }
    },
    {
      "id": "landcover_grass",
      "type": "fill",
      "source": "openmaptiles",
      "source-layer": "landcover",
      "filter": ["all", ["==", "class", "grass"]],
      "paint": {
        "fill-antialias": false,
        "fill-color": "#A8DAB5",
        "fill-opacity": 0.3
      }
    },
    {
      "id": "landcover_wetland",
      "type": "fill",
      "source": "openmaptiles",
      "source-layer": "landcover",
      "filter": ["all", ["==", "class", "wetland"]],
      "paint": {
        "fill-antialias": false,
        "fill-color": "#A8DAB5",
        "fill-opacity": 0.3
      }
    },
    {
      "id": "landcover_ice",
      "type": "fill",
      "source": "openmaptiles",
      "source-layer": "landcover",
      "filter": ["all", ["==", "class", "ice"]],
      "paint": {
        "fill-antialias": false,
        "fill-color": "rgba(224, 236, 236, 1)",
        "fill-opacity": 0.8
      }
    },
    {
      "id": "landuse_cemetery",
      "type": "fill",
      "source": "openmaptiles",
      "source-layer": "landuse",
      "filter": ["==", "class", "cemetery"],
      "paint": {
        "fill-color": "#A8DAB5"
      }
    },
    {
      "id": "landuse_hospital",
      "type": "fill",
      "source": "openmaptiles",
      "source-layer": "landuse",
      "filter": ["==", "class", "hospital"],
      "paint": {
        "fill-color": "#fde"
      }
    },
    {
      "id": "landuse_school",
      "type": "fill",
      "source": "openmaptiles",
      "source-layer": "landuse",
      "filter": ["==", "class", "school"],
      "paint": {
        "fill-color": "#A8DAB5"
      }
    },
    {
      "id": "landuse_playground",
      "type": "fill",
      "source": "openmaptiles",
      "source-layer": "landuse",
      "filter": ["==", "class", "playground"],
      "paint": {
        "fill-color": "#A8DAB5"
      }
    },
    {
      "id": "waterway_tunnel",
      "type": "line",
      "source": "openmaptiles",
      "source-layer": "waterway",
      "filter": ["all", ["==", "brunnel", "tunnel"]],
      "paint": {
        "line-color": "#9CC0F9",
        "line-dasharray": [3, 3],
        "line-gap-width": {
          "stops": [
            [12, 0],
            [20, 6]
          ]
        },
        "line-opacity": 1,
        "line-width": {
          "base": 1.4,
          "stops": [
            [8, 1],
            [20, 2]
          ]
        }
      }
    },
    {
      "id": "waterway_river",
      "type": "line",
      "source": "openmaptiles",
      "source-layer": "waterway",
      "filter": ["all", ["==", "class", "river"], ["!=", "brunnel", "tunnel"]],
      "layout": {
        "line-cap": "round"
      },
      "paint": {
        "line-color": "#9CC0F9",
        "line-width": {
          "base": 1.2,
          "stops": [
            [11, 0.5],
            [20, 6]
          ]
        }
      }
    },
    {
      "id": "waterway_other",
      "type": "line",
      "source": "openmaptiles",
      "source-layer": "waterway",
      "filter": ["all", ["!=", "class", "river"], ["!=", "brunnel", "tunnel"]],
      "layout": {
        "line-cap": "round"
      },
      "paint": {
        "line-color": "#9CC0F9",
        "line-width": {
          "base": 1.3,
          "stops": [
            [13, 0.5],
            [20, 6]
          ]
        }
      }
    },
    {
      "id": "water",
      "type": "fill",
      "source": "openmaptiles",
      "source-layer": "water",
      "filter": ["all", ["!=", "brunnel", "tunnel"]],
      "paint": {
        "fill-color": "#9CC0F9"
      }
    },
    {
      "id": "landcover_sand",
      "type": "fill",
      "source": "openmaptiles",
      "source-layer": "landcover",
      "filter": ["all", ["==", "class", "sand"]],
      "paint": {
        "fill-color": "rgba(247, 239, 195, 1)"
      }
    },
    {
      "id": "aeroway_fill",
      "type": "fill",
      "source": "openmaptiles",
      "source-layer": "aeroway",
      "minzoom": 11,
      "filter": ["==", "$type", "Polygon"],
      "paint": {
        "fill-color": "rgba(229, 228, 224, 1)",
        "fill-opacity": 0.7
      }
    },
    {
      "id": "aeroway_runway",
      "type": "line",
      "source": "openmaptiles",
      "source-layer": "aeroway",
      "minzoom": 11,
      "filter": [
        "all",
        ["==", "$type", "LineString"],
        ["==", "class", "runway"]
      ],
      "paint": {
        "line-color": "#f0ede9",
        "line-width": {
          "base": 1.2,
          "stops": [
            [11, 3],
            [20, 16]
          ]
        }
      }
    },
    {
      "id": "aeroway_taxiway",
      "type": "line",
      "source": "openmaptiles",
      "source-layer": "aeroway",
      "minzoom": 11,
      "filter": [
        "all",
        ["==", "$type", "LineString"],
        ["==", "class", "taxiway"]
      ],
      "paint": {
        "line-color": "#f0ede9",
        "line-width": {
          "base": 1.2,
          "stops": [
            [11, 0.5],
            [20, 6]
          ]
        }
      }
    },
    {
      "id": "tunnel_motorway_link_casing",
      "type": "line",
      "source": "openmaptiles",
      "source-layer": "transportation",
      "filter": [
        "all",
        ["==", "class", "motorway"],
        ["==", "ramp", 1],
        ["==", "brunnel", "tunnel"]
      ],
      "layout": {
        "visibility": "none"
      },
      "paint": {
        "line-color": "#e9ac77",
        "line-dasharray": [0.5, 0.25],
        "line-width": {
          "base": 1.2,
          "stops": [
            [12, 1],
            [13, 3],
            [14, 4],
            [20, 15]
          ]
        }
      }
    },
    {
      "id": "tunnel_service_track_casing",
      "type": "line",
      "source": "openmaptiles",
      "source-layer": "transportation",
      "filter": [
        "all",
        ["==", "brunnel", "tunnel"],
        ["in", "class", "service", "track"]
      ],
      "layout": {
        "visibility": "none"
      },
      "paint": {
        "line-color": "#cfcdca",
        "line-dasharray": [0.5, 0.25],
        "line-width": {
          "base": 1.2,
          "stops": [
            [15, 1],
            [16, 4],
            [20, 11]
          ]
        }
      }
    },
    {
      "id": "tunnel_link_casing",
      "type": "line",
      "source": "openmaptiles",
      "source-layer": "transportation",
      "filter": ["all", ["==", "ramp", 1], ["==", "brunnel", "tunnel"]],
      "layout": {
        "visibility": "none"
      },
      "paint": {
        "line-color": "#e9ac77",
        "line-width": {
          "base": 1.2,
          "stops": [
            [12, 1],
            [13, 3],
            [14, 4],
            [20, 15]
          ]
        }
      }
    },
    {
      "id": "tunnel_street_casing",
      "type": "line",
      "source": "openmaptiles",
      "source-layer": "transportation",
      "filter": [
        "all",
        ["==", "brunnel", "tunnel"],
        ["in", "class", "street", "street_limited"]
      ],
      "layout": {
        "visibility": "none"
      },
      "paint": {
        "line-color": "#cfcdca",
        "line-opacity": {
          "stops": [
            [12, 0],
            [12.5, 1]
          ]
        },
        "line-width": {
          "base": 1.2,
          "stops": [
            [12, 0.5],
            [13, 1],
            [14, 4],
            [20, 15]
          ]
        }
      }
    },
    {
      "id": "tunnel_secondary_tertiary_casing",
      "type": "line",
      "source": "openmaptiles",
      "source-layer": "transportation",
      "filter": [
        "all",
        ["==", "brunnel", "tunnel"],
        ["in", "class", "secondary", "tertiary"]
      ],
      "layout": {
        "visibility": "none"
      },
      "paint": {
        "line-color": "#e9ac77",
        "line-width": {
          "base": 1.2,
          "stops": [
            [8, 1.5],
            [20, 17]
          ]
        }
      }
    },
    {
      "id": "tunnel_trunk_primary_casing",
      "type": "line",
      "source": "openmaptiles",
      "source-layer": "transportation",
      "filter": [
        "all",
        ["==", "brunnel", "tunnel"],
        ["in", "class", "primary", "trunk"]
      ],
      "layout": {
        "visibility": "none"
      },
      "paint": {
        "line-color": "#e9ac77",
        "line-width": {
          "base": 1.2,
          "stops": [
            [5, 0.4],
            [6, 0.7],
            [7, 1.75],
            [20, 22]
          ]
        }
      }
    },
    {
      "id": "tunnel_motorway_casing",
      "type": "line",
      "source": "openmaptiles",
      "source-layer": "transportation",
      "filter": [
        "all",
        ["==", "class", "motorway"],
        ["!=", "ramp", 1],
        ["==", "brunnel", "tunnel"]
      ],
      "layout": {
        "visibility": "none"
      },
      "paint": {
        "line-color": "#e9ac77",
        "line-dasharray": [0.5, 0.25],
        "line-width": {
          "base": 1.2,
          "stops": [
            [5, 0.4],
            [6, 0.7],
            [7, 1.75],
            [20, 22]
          ]
        }
      }
    },
    {
      "id": "tunnel_path_pedestrian",
      "type": "line",
      "source": "openmaptiles",
      "source-layer": "transportation",
      "filter": [
        "all",
        ["==", "$type", "LineString"],
        ["==", "brunnel", "tunnel"],
        ["in", "class", "path", "pedestrian"]
      ],
      "paint": {
        "line-color": "hsl(0, 0%, 100%)",
        "line-dasharray": [1, 0.75],
        "line-width": {
          "base": 1.2,
          "stops": [
            [14, 0.5],
            [20, 10]
          ]
        }
      }
    },
    {
      "id": "tunnel_motorway_link",
      "type": "line",
      "source": "openmaptiles",
      "source-layer": "transportation",
      "filter": [
        "all",
        ["==", "class", "motorway"],
        ["==", "ramp", 1],
        ["==", "brunnel", "tunnel"]
      ],
      "layout": {
        "line-join": "round"
      },
      "paint": {
        "line-color": "#fc8",
        "line-width": {
          "base": 1.2,
          "stops": [
            [12.5, 0],
            [13, 1.5],
            [14, 2.5],
            [20, 11.5]
          ]
        }
      }
    },
    {
      "id": "tunnel_service_track",
      "type": "line",
      "source": "openmaptiles",
      "source-layer": "transportation",
      "filter": [
        "all",
        ["==", "brunnel", "tunnel"],
        ["in", "class", "service", "track"]
      ],
      "layout": {
        "line-join": "round"
      },
      "paint": {
        "line-color": "#fff",
        "line-width": {
          "base": 1.2,
          "stops": [
            [15.5, 0],
            [16, 2],
            [20, 7.5]
          ]
        }
      }
    },
    {
      "id": "tunnel_link",
      "type": "line",
      "source": "openmaptiles",
      "source-layer": "transportation",
      "filter": ["all", ["==", "ramp", 1], ["==", "brunnel", "tunnel"]],
      "layout": {
        "line-join": "round"
      },
      "paint": {
        "line-color": "#fff4c6",
        "line-width": {
          "base": 1.2,
          "stops": [
            [12.5, 0],
            [13, 1.5],
            [14, 2.5],
            [20, 11.5]
          ]
        }
      }
    },
    {
      "id": "tunnel_minor",
      "type": "line",
      "source": "openmaptiles",
      "source-layer": "transportation",
      "filter": ["all", ["==", "brunnel", "tunnel"], ["in", "class", "minor"]],
      "layout": {
        "line-join": "round"
      },
      "paint": {
        "line-color": "#fff",
        "line-width": {
          "base": 1.2,
          "stops": [
            [13.5, 0],
            [14, 2.5],
            [20, 11.5]
          ]
        }
      }
    },
    {
      "id": "tunnel_secondary_tertiary",
      "type": "line",
      "source": "openmaptiles",
      "source-layer": "transportation",
      "filter": [
        "all",
        ["==", "brunnel", "tunnel"],
        ["in", "class", "secondary", "tertiary"]
      ],
      "layout": {
        "line-join": "round"
      },
      "paint": {
        "line-color": "#fff4c6",
        "line-width": {
          "base": 1.2,
          "stops": [
            [6.5, 0],
            [7, 0.5],
            [20, 10]
          ]
        }
      }
    },
    {
      "id": "tunnel_trunk_primary",
      "type": "line",
      "source": "openmaptiles",
      "source-layer": "transportation",
      "filter": [
        "all",
        ["==", "brunnel", "tunnel"],
        ["in", "class", "primary", "trunk"]
      ],
      "layout": {
        "line-join": "round"
      },
      "paint": {
        "line-color": "#fff4c6",
        "line-width": {
          "base": 1.2,
          "stops": [
            [5, 0],
            [7, 1],
            [20, 18]
          ]
        }
      }
    },
    {
      "id": "tunnel_motorway",
      "type": "line",
      "source": "openmaptiles",
      "source-layer": "transportation",
      "filter": [
        "all",
        ["==", "class", "motorway"],
        ["!=", "ramp", 1],
        ["==", "brunnel", "tunnel"]
      ],
      "layout": {
        "line-join": "round"
      },
      "paint": {
        "line-color": "#ffdaa6",
        "line-width": {
          "base": 1.2,
          "stops": [
            [5, 0],
            [7, 1],
            [20, 18]
          ]
        }
      }
    },
    {
      "id": "tunnel_major_rail",
      "type": "line",
      "source": "openmaptiles",
      "source-layer": "transportation",
      "filter": ["all", ["==", "brunnel", "tunnel"], ["in", "class", "rail"]],
      "paint": {
        "line-color": "#bbb",
        "line-width": {
          "base": 1.4,
          "stops": [
            [14, 0.4],
            [15, 0.75],
            [20, 2]
          ]
        }
      }
    },
    {
      "id": "tunnel_major_rail_hatching",
      "type": "line",
      "source": "openmaptiles",
      "source-layer": "transportation",
      "filter": ["all", ["==", "brunnel", "tunnel"], ["==", "class", "rail"]],
      "paint": {
        "line-color": "#bbb",
        "line-dasharray": [0.2, 8],
        "line-width": {
          "base": 1.4,
          "stops": [
            [14.5, 0],
            [15, 3],
            [20, 8]
          ]
        }
      }
    },
    {
      "id": "tunnel_transit_rail",
      "type": "line",
      "source": "openmaptiles",
      "source-layer": "transportation",
      "filter": [
        "all",
        ["==", "brunnel", "tunnel"],
        ["in", "class", "transit"]
      ],
      "paint": {
        "line-color": "#bbb",
        "line-width": {
          "base": 1.4,
          "stops": [
            [14, 0.4],
            [15, 0.75],
            [20, 2]
          ]
        }
      }
    },
    {
      "id": "tunnel_transit_rail_hatching",
      "type": "line",
      "source": "openmaptiles",
      "source-layer": "transportation",
      "filter": [
        "all",
        ["==", "brunnel", "tunnel"],
        ["==", "class", "transit"]
      ],
      "paint": {
        "line-color": "#bbb",
        "line-dasharray": [0.2, 8],
        "line-width": {
          "base": 1.4,
          "stops": [
            [14.5, 0],
            [15, 3],
            [20, 8]
          ]
        }
      }
    },
    {
      "id": "road_area_pattern",
      "type": "fill",
      "source": "openmaptiles",
      "source-layer": "transportation",
      "filter": ["all", ["==", "$type", "Polygon"]],
      "paint": {
        "fill-pattern": "pedestrian_polygon"
      }
    },
    {
      "id": "road_motorway_link_casing",
      "type": "line",
      "source": "openmaptiles",
      "source-layer": "transportation",
      "minzoom": 12,
      "filter": [
        "all",
        ["!in", "brunnel", "bridge", "tunnel"],
        ["==", "class", "motorway"],
        ["==", "ramp", 1]
      ],
      "layout": {
        "visibility": "none"
      },
      "paint": {
        "line-color": "#e9ac77",
        "line-width": {
          "base": 1.2,
          "stops": [
            [12, 1],
            [13, 3],
            [14, 4],
            [20, 15]
          ]
        }
      }
    },
    {
      "id": "road_service_track_casing",
      "type": "line",
      "source": "openmaptiles",
      "source-layer": "transportation",
      "minzoom": 14,
      "filter": [
        "all",
        ["!in", "brunnel", "bridge", "tunnel"],
        ["in", "class", "service", "track"]
      ],
      "layout": {
        "visibility": "none"
      },
      "paint": {
        "line-color": "#cfcdca",
        "line-width": {
          "base": 1.2,
          "stops": [
            [15, 1],
            [16, 4],
            [20, 11]
          ]
        }
      }
    },
    {
      "id": "road_link_casing",
      "type": "line",
      "source": "openmaptiles",
      "source-layer": "transportation",
      "minzoom": 14,
      "filter": [
        "all",
        ["!in", "brunnel", "bridge", "tunnel"],
        ["!in", "class", "pedestrian", "path", "track", "service", "motorway"],
        ["==", "ramp", 1]
      ],
      "layout": {
        "visibility": "none"
      },
      "paint": {
        "line-color": "#e9ac77",
        "line-width": {
          "base": 1.2,
          "stops": [
            [12, 1],
            [13, 3],
            [14, 4],
            [20, 15]
          ]
        }
      }
    },
    {
      "id": "road_minor_casing",
      "type": "line",
      "source": "openmaptiles",
      "source-layer": "transportation",
      "minzoom": 13,
      "filter": [
        "all",
        ["==", "$type", "LineString"],
        ["!in", "brunnel", "bridge", "tunnel"],
        ["in", "class", "minor"],
        ["!=", "ramp", 1]
      ],
      "layout": {
        "visibility": "none"
      },
      "paint": {
        "line-color": "#ffffff",
        "line-opacity": {
          "stops": [
            [12, 0],
            [12.5, 1]
          ]
        },
        "line-width": {
          "base": 1.2,
          "stops": [
            [12, 0.5],
            [13, 1],
            [14, 4],
            [20, 20]
          ]
        }
      }
    },
    {
      "id": "road_minor",
      "type": "line",
      "source": "openmaptiles",
      "source-layer": "transportation",
      "minzoom": 13,
      "filter": [
        "all",
        ["==", "$type", "LineString"],
        ["!in", "brunnel", "bridge", "tunnel"],
        ["in", "class", "minor"]
      ],
      "paint": {
        "line-color": "#ffffff",
        "line-width": {
          "base": 1.2,
          "stops": [
            [13.5, 1],
            [14, 1.5],
            [20, 18]
          ]
        }
      }
    },
    {
      "id": "road_secondary_tertiary_casing",
      "type": "line",
      "source": "openmaptiles",
      "source-layer": "transportation",
      "filter": [
        "all",
        ["!in", "brunnel", "bridge", "tunnel"],
        ["in", "class", "secondary", "tertiary"],
        ["!=", "ramp", 1]
      ],
      "layout": {
        "visibility": "none"
      },
      "paint": {
        "line-color": "#E1E2E2",
        "line-width": {
          "base": 1.2,
          "stops": [
            [8, 1.5],
            [20, 17]
          ]
        }
      }
    },
    {
      "id": "road_trunk_primary_casing",
      "type": "line",
      "source": "openmaptiles",
      "source-layer": "transportation",
      "filter": [
        "all",
        ["!in", "brunnel", "bridge", "tunnel"],
        ["in", "class", "primary", "trunk"]
      ],
      "layout": {
        "visibility": "none"
      },
      "paint": {
        "line-color": "#F7AC03",
        "line-width": {
          "base": 1.2,
          "stops": [
            [5, 0.4],
            [6, 0.7],
            [7, 1.75],
            [20, 22]
          ]
        }
      }
    },
    {
      "id": "road_motorway_casing",
      "type": "line",
      "source": "openmaptiles",
      "source-layer": "transportation",
      "minzoom": 5,
      "filter": [
        "all",
        ["!in", "brunnel", "bridge", "tunnel"],
        ["==", "class", "motorway"],
        ["!=", "ramp", 1]
      ],
      "layout": {
        "visibility": "none"
      },
      "paint": {
        "line-color": "#e9ac77",
        "line-width": {
          "base": 1.2,
          "stops": [
            [5, 0.4],
            [6, 0.7],
            [7, 1.75],
            [20, 22]
          ]
        }
      }
    },
    {
      "id": "road_path_pedestrian",
      "type": "line",
      "source": "openmaptiles",
      "source-layer": "transportation",
      "minzoom": 14,
      "filter": [
        "all",
        ["==", "$type", "LineString"],
        ["!in", "brunnel", "bridge", "tunnel"],
        ["in", "class", "path", "pedestrian"]
      ],
      "layout": {
        "line-join": "round"
      },
      "paint": {
        "line-color": "hsl(0, 0%, 100%)",
        "line-dasharray": [1, 0.7],
        "line-width": {
          "base": 1.2,
          "stops": [
            [14, 1],
            [20, 10]
          ]
        }
      }
    },
    {
      "id": "road_motorway_link",
      "type": "line",
      "source": "openmaptiles",
      "source-layer": "transportation",
      "minzoom": 12,
      "filter": [
        "all",
        ["!in", "brunnel", "bridge", "tunnel"],
        ["==", "class", "motorway"],
        ["==", "ramp", 1]
      ],
      "layout": {
        "line-cap": "round",
        "line-join": "round"
      },
      "paint": {
        "line-color": "#fc8",
        "line-width": {
          "base": 1.2,
          "stops": [
            [12.5, 0],
            [13, 1.5],
            [14, 2.5],
            [20, 11.5]
          ]
        }
      }
    },
    {
      "id": "road_service_track",
      "type": "line",
      "source": "openmaptiles",
      "source-layer": "transportation",
      "filter": [
        "all",
        ["!in", "brunnel", "bridge", "tunnel"],
        ["in", "class", "service", "track"]
      ],
      "layout": {
        "line-cap": "round",
        "line-join": "round"
      },
      "paint": {
        "line-color": "#fff",
        "line-width": {
          "base": 1.2,
          "stops": [
            [15.5, 0],
            [16, 2],
            [20, 7.5]
          ]
        }
      }
    },
    {
      "id": "road_link",
      "type": "line",
      "source": "openmaptiles",
      "source-layer": "transportation",
      "minzoom": 13,
      "filter": [
        "all",
        ["!in", "brunnel", "bridge", "tunnel"],
        ["==", "ramp", 1],
        ["!in", "class", "pedestrian", "path", "track", "service", "motorway"]
      ],
      "layout": {
        "line-cap": "round",
        "line-join": "round"
      },
      "paint": {
        "line-color": "#fea",
        "line-width": {
          "base": 1.2,
          "stops": [
            [12.5, 0],
            [13, 1.5],
            [14, 2.5],
            [20, 11.5]
          ]
        }
      }
    },
    {
      "id": "road_secondary_tertiary",
      "type": "line",
      "source": "openmaptiles",
      "source-layer": "transportation",
      "filter": [
        "all",
        ["!in", "brunnel", "bridge", "tunnel"],
        ["in", "class", "secondary", "tertiary"]
      ],
      "layout": {
        "line-cap": "round",
        "line-join": "round"
      },
      "paint": {
        "line-color": "#FFFFFF",
        "line-width": {
          "base": 1.2,
          "stops": [
            [8, 0],
            [14, 4.5],
            [20, 18]
          ]
        }
      }
    },
    {
      "id": "road_trunk_primary",
      "type": "line",
      "source": "openmaptiles",
      "source-layer": "transportation",
      "filter": [
        "all",
        ["!in", "brunnel", "bridge", "tunnel"],
        ["in", "class", "primary", "trunk"]
      ],
      "layout": {
        "line-join": "round"
      },
      "paint": {
        "line-color": "#FCE393",
        "line-width": {
          "base": 1.2,
          "stops": [
            [5, 0],
            [7, 1],
            [14, 4.5],
            [20, 18]
          ]
        }
      }
    },
    {
      "id": "road_motorway",
      "type": "line",
      "source": "openmaptiles",
      "source-layer": "transportation",
      "minzoom": 5,
      "filter": [
        "all",
        ["!in", "brunnel", "bridge", "tunnel"],
        ["==", "class", "motorway"],
        ["!=", "ramp", 1]
      ],
      "layout": {
        "line-cap": "round",
        "line-join": "round"
      },
      "paint": {
        "line-color": {
          "base": 1,
          "stops": [
            [5, "hsl(26, 87%, 62%)"],
            [6, "#fc8"]
          ]
        },
        "line-width": {
          "base": 1.2,
          "stops": [
            [5, 0],
            [7, 1],
            [20, 18]
          ]
        }
      }
    },
    {
      "id": "road_major_rail",
      "type": "line",
      "source": "openmaptiles",
      "source-layer": "transportation",
      "filter": [
        "all",
        ["!in", "brunnel", "bridge", "tunnel"],
        ["==", "class", "rail"]
      ],
      "paint": {
        "line-color": "#bbb",
        "line-width": {
          "base": 1.4,
          "stops": [
            [14, 0.4],
            [15, 0.75],
            [20, 2]
          ]
        }
      }
    },
    {
      "id": "road_major_rail_hatching",
      "type": "line",
      "source": "openmaptiles",
      "source-layer": "transportation",
      "filter": [
        "all",
        ["!in", "brunnel", "bridge", "tunnel"],
        ["==", "class", "rail"]
      ],
      "paint": {
        "line-color": "#bbb",
        "line-dasharray": [0.2, 8],
        "line-width": {
          "base": 1.4,
          "stops": [
            [14.5, 0],
            [15, 3],
            [20, 8]
          ]
        }
      }
    },
    {
      "id": "road_transit_rail",
      "type": "line",
      "source": "openmaptiles",
      "source-layer": "transportation",
      "filter": [
        "all",
        ["!in", "brunnel", "bridge", "tunnel"],
        ["==", "class", "transit"]
      ],
      "paint": {
        "line-color": "#bbb",
        "line-width": {
          "base": 1.4,
          "stops": [
            [14, 0.4],
            [15, 0.75],
            [20, 2]
          ]
        }
      }
    },
    {
      "id": "road_transit_rail_hatching",
      "type": "line",
      "source": "openmaptiles",
      "source-layer": "transportation",
      "filter": [
        "all",
        ["!in", "brunnel", "bridge", "tunnel"],
        ["==", "class", "transit"]
      ],
      "paint": {
        "line-color": "#bbb",
        "line-dasharray": [0.2, 8],
        "line-width": {
          "base": 1.4,
          "stops": [
            [14.5, 0],
            [15, 3],
            [20, 8]
          ]
        }
      }
    },
    {
      "id": "road_one_way_arrow",
      "type": "symbol",
      "source": "openmaptiles",
      "source-layer": "transportation",
      "minzoom": 15,
      "filter": ["==", "oneway", 1],
      "layout": {
        "icon-image": "arrow",
        "symbol-placement": "line"
      }
    },
    {
      "id": "road_one_way_arrow_opposite",
      "type": "symbol",
      "source": "openmaptiles",
      "source-layer": "transportation",
      "minzoom": 15,
      "filter": ["==", "oneway", -1],
      "layout": {
        "icon-image": "arrow",
        "symbol-placement": "line",
        "icon-rotate": 180
      }
    },
    {
      "id": "bridge_motorway_link_casing",
      "type": "line",
      "source": "openmaptiles",
      "source-layer": "transportation",
      "filter": [
        "all",
        ["==", "class", "motorway"],
        ["==", "ramp", 1],
        ["==", "brunnel", "bridge"]
      ],
      "layout": {
        "visibility": "none"
      },
      "paint": {
        "line-color": "#e9ac77",
        "line-width": {
          "base": 1.2,
          "stops": [
            [12, 1],
            [13, 3],
            [14, 4],
            [20, 15]
          ]
        }
      }
    },
    {
      "id": "bridge_service_track_casing",
      "type": "line",
      "source": "openmaptiles",
      "source-layer": "transportation",
      "filter": [
        "all",
        ["==", "brunnel", "bridge"],
        ["in", "class", "service", "track"]
      ],
      "layout": {
        "visibility": "none"
      },
      "paint": {
        "line-color": "#cfcdca",
        "line-width": {
          "base": 1.2,
          "stops": [
            [15, 1],
            [16, 4],
            [20, 11]
          ]
        }
      }
    },
    {
      "id": "bridge_link_casing",
      "type": "line",
      "source": "openmaptiles",
      "source-layer": "transportation",
      "filter": ["all", ["==", "class", "link"], ["==", "brunnel", "bridge"]],
      "layout": {
        "visibility": "none"
      },
      "paint": {
        "line-color": "#e9ac77",
        "line-width": {
          "base": 1.2,
          "stops": [
            [12, 1],
            [13, 3],
            [14, 4],
            [20, 15]
          ]
        }
      }
    },
    {
      "id": "bridge_street_casing",
      "type": "line",
      "source": "openmaptiles",
      "source-layer": "transportation",
      "filter": [
        "all",
        ["==", "brunnel", "bridge"],
        ["in", "class", "street", "street_limited"]
      ],
      "layout": {
        "visibility": "none"
      },
      "paint": {
        "line-color": "hsl(36, 6%, 74%)",
        "line-opacity": {
          "stops": [
            [12, 0],
            [12.5, 1]
          ]
        },
        "line-width": {
          "base": 1.2,
          "stops": [
            [12, 0.5],
            [13, 1],
            [14, 4],
            [20, 25]
          ]
        }
      }
    },
    {
      "id": "bridge_path_pedestrian_casing",
      "type": "line",
      "source": "openmaptiles",
      "source-layer": "transportation",
      "filter": [
        "all",
        ["==", "$type", "LineString"],
        ["==", "brunnel", "bridge"],
        ["in", "class", "path", "pedestrian"]
      ],
      "layout": {
        "visibility": "none"
      },
      "paint": {
        "line-color": "hsl(35, 6%, 80%)",
        "line-dasharray": [1, 0],
        "line-width": {
          "base": 1.2,
          "stops": [
            [14, 1.5],
            [20, 18]
          ]
        }
      }
    },
    {
      "id": "bridge_secondary_tertiary_casing",
      "type": "line",
      "source": "openmaptiles",
      "source-layer": "transportation",
      "filter": [
        "all",
        ["==", "brunnel", "bridge"],
        ["in", "class", "secondary", "tertiary"]
      ],
      "layout": {
        "visibility": "none"
      },
      "paint": {
        "line-color": "#e9ac77",
        "line-width": {
          "base": 1.2,
          "stops": [
            [8, 1.5],
            [20, 17]
          ]
        }
      }
    },
    {
      "id": "bridge_trunk_primary_casing",
      "type": "line",
      "source": "openmaptiles",
      "source-layer": "transportation",
      "filter": [
        "all",
        ["==", "brunnel", "bridge"],
        ["in", "class", "primary", "trunk", "trunk_construction"]
      ],
      "layout": {
        "visibility": "none"
      },
      "paint": {
        "line-color": "#e9ac77",
        "line-width": {
          "base": 1.2,
          "stops": [
            [5, 0.4],
            [6, 0.7],
            [7, 1.75],
            [20, 22]
          ]
        }
      }
    },
    {
      "id": "bridge_motorway_casing",
      "type": "line",
      "source": "openmaptiles",
      "source-layer": "transportation",
      "filter": [
        "all",
        ["==", "class", "motorway"],
        ["!=", "ramp", 1],
        ["==", "brunnel", "bridge"]
      ],
      "layout": {
        "visibility": "none"
      },
      "paint": {
        "line-color": "#e9ac77",
        "line-width": {
          "base": 1.2,
          "stops": [
            [5, 0.4],
            [6, 0.7],
            [7, 1.75],
            [20, 22]
          ]
        }
      }
    },
    {
      "id": "bridge_path_pedestrian",
      "type": "line",
      "source": "openmaptiles",
      "source-layer": "transportation",
      "filter": [
        "all",
        ["==", "$type", "LineString"],
        ["==", "brunnel", "bridge"],
        ["in", "class", "path", "pedestrian"]
      ],
      "paint": {
        "line-color": "hsl(0, 0%, 100%)",
        "line-dasharray": [1, 0.3],
        "line-width": {
          "base": 1.2,
          "stops": [
            [14, 0.5],
            [20, 10]
          ]
        }
      }
    },
    {
      "id": "bridge_motorway_link",
      "type": "line",
      "source": "openmaptiles",
      "source-layer": "transportation",
      "filter": [
        "all",
        ["==", "class", "motorway"],
        ["==", "ramp", 1],
        ["==", "brunnel", "bridge"]
      ],
      "layout": {
        "line-join": "round"
      },
      "paint": {
        "line-color": "#fc8",
        "line-width": {
          "base": 1.2,
          "stops": [
            [12.5, 0],
            [13, 1.5],
            [14, 2.5],
            [20, 11.5]
          ]
        }
      }
    },
    {
      "id": "bridge_service_track",
      "type": "line",
      "source": "openmaptiles",
      "source-layer": "transportation",
      "filter": [
        "all",
        ["==", "brunnel", "bridge"],
        ["in", "class", "service", "track"]
      ],
      "layout": {
        "line-join": "round"
      },
      "paint": {
        "line-color": "#fff",
        "line-width": {
          "base": 1.2,
          "stops": [
            [15.5, 0],
            [16, 2],
            [20, 7.5]
          ]
        }
      }
    },
    {
      "id": "bridge_link",
      "type": "line",
      "source": "openmaptiles",
      "source-layer": "transportation",
      "filter": ["all", ["==", "class", "link"], ["==", "brunnel", "bridge"]],
      "layout": {
        "line-join": "round"
      },
      "paint": {
        "line-color": "#fea",
        "line-width": {
          "base": 1.2,
          "stops": [
            [12.5, 0],
            [13, 1.5],
            [14, 2.5],
            [20, 11.5]
          ]
        }
      }
    },
    {
      "id": "bridge_street",
      "type": "line",
      "source": "openmaptiles",
      "source-layer": "transportation",
      "filter": ["all", ["==", "brunnel", "bridge"], ["in", "class", "minor"]],
      "layout": {
        "line-join": "round"
      },
      "paint": {
        "line-color": "#fff",
        "line-width": {
          "base": 1.2,
          "stops": [
            [13.5, 0],
            [14, 2.5],
            [20, 18]
          ]
        }
      }
    },
    {
      "id": "bridge_secondary_tertiary",
      "type": "line",
      "source": "openmaptiles",
      "source-layer": "transportation",
      "filter": [
        "all",
        ["==", "brunnel", "bridge"],
        ["in", "class", "secondary", "tertiary"]
      ],
      "layout": {
        "line-join": "round"
      },
      "paint": {
        "line-color": "#fea",
        "line-width": {
          "base": 1.2,
          "stops": [
            [6.5, 0],
            [7, 0.5],
            [20, 10]
          ]
        }
      }
    },
    {
      "id": "bridge_trunk_primary",
      "type": "line",
      "source": "openmaptiles",
      "source-layer": "transportation",
      "filter": [
        "all",
        ["==", "brunnel", "bridge"],
        ["in", "class", "primary", "trunk"]
      ],
      "layout": {
        "line-join": "round"
      },
      "paint": {
        "line-color": "#fea",
        "line-width": {
          "base": 1.2,
          "stops": [
            [5, 0],
            [7, 1],
            [20, 18]
          ]
        }
      }
    },
    {
      "id": "bridge_motorway",
      "type": "line",
      "source": "openmaptiles",
      "source-layer": "transportation",
      "filter": [
        "all",
        ["==", "class", "motorway"],
        ["!=", "ramp", 1],
        ["==", "brunnel", "bridge"]
      ],
      "layout": {
        "line-join": "round"
      },
      "paint": {
        "line-color": "#fc8",
        "line-width": {
          "base": 1.2,
          "stops": [
            [5, 0],
            [7, 1],
            [20, 18]
          ]
        }
      }
    },
    {
      "id": "bridge_major_rail",
      "type": "line",
      "source": "openmaptiles",
      "source-layer": "transportation",
      "filter": ["all", ["==", "class", "rail"], ["==", "brunnel", "bridge"]],
      "paint": {
        "line-color": "#bbb",
        "line-width": {
          "base": 1.4,
          "stops": [
            [14, 0.4],
            [15, 0.75],
            [20, 2]
          ]
        }
      }
    },
    {
      "id": "bridge_major_rail_hatching",
      "type": "line",
      "source": "openmaptiles",
      "source-layer": "transportation",
      "filter": ["all", ["==", "class", "rail"], ["==", "brunnel", "bridge"]],
      "paint": {
        "line-color": "#bbb",
        "line-dasharray": [0.2, 8],
        "line-width": {
          "base": 1.4,
          "stops": [
            [14.5, 0],
            [15, 3],
            [20, 8]
          ]
        }
      }
    },
    {
      "id": "bridge_transit_rail",
      "type": "line",
      "source": "openmaptiles",
      "source-layer": "transportation",
      "filter": [
        "all",
        ["==", "class", "transit"],
        ["==", "brunnel", "bridge"]
      ],
      "paint": {
        "line-color": "#bbb",
        "line-width": {
          "base": 1.4,
          "stops": [
            [14, 0.4],
            [15, 0.75],
            [20, 2]
          ]
        }
      }
    },
    {
      "id": "bridge_transit_rail_hatching",
      "type": "line",
      "source": "openmaptiles",
      "source-layer": "transportation",
      "filter": [
        "all",
        ["==", "class", "transit"],
        ["==", "brunnel", "bridge"]
      ],
      "paint": {
        "line-color": "#bbb",
        "line-dasharray": [0.2, 8],
        "line-width": {
          "base": 1.4,
          "stops": [
            [14.5, 0],
            [15, 3],
            [20, 8]
          ]
        }
      }
    },
    {
      "id": "building",
      "type": "fill",
      "source": "openmaptiles",
      "source-layer": "building",
      "minzoom": 17,
      "maxzoom": 19,
      "layout": {
        "visibility": "visible"
      },
      "paint": {
        "fill-color": "#F1F3F4",
        "fill-outline-color": {
          "base": 1,
          "stops": [
            [13, "#E8EAED"],
            [14, "#E8EAED"]
          ]
        }
      }
    },
    {
      "id": "building-commercial",
      "type": "fill",
      "source": "openmaptiles",
      "source-layer": "building",
      "filter": ["all", ["in", "building", "commercial", "stadium"]],
      "minzoom": 15,
      "maxzoom": 19,
      "layout": {
        "visibility": "visible"
      },
      "paint": {
        "fill-color": "#F1F3F4",
        "fill-outline-color": {
          "base": 1,
          "stops": [
            [13, "#E8EAED"],
            [14, "#E8EAED"]
          ]
        }
      }
    },
    {
      "id": "building-3d",
      "type": "fill-extrusion",
      "source": "openmaptiles",
      "source-layer": "building",
      "minzoom": 19,
      "layout": {
        "visibility": "visible"
      },
      "paint": {
        "fill-extrusion-color": "#F1F3F4",
        "fill-extrusion-height": {
          "property": "render_height",
          "type": "identity"
        },
        "fill-extrusion-base": {
          "property": "render_min_height",
          "type": "identity"
        },
        "fill-extrusion-opacity": 0.8
      }
    },
    {
      "id": "building-3d-commercial",
      "type": "fill-extrusion",
      "source": "openmaptiles",
      "source-layer": "building",
      "filter": ["all", ["in", "building", "commercial", "stadium"]],
      "minzoom": 15,
      "layout": {
        "visibility": "visible"
      },
      "paint": {
        "fill-extrusion-color": "#F1F3F4",
        "fill-extrusion-height": {
          "property": "render_height",
          "type": "identity"
        },
        "fill-extrusion-base": {
          "property": "render_min_height",
          "type": "identity"
        },
        "fill-extrusion-opacity": 0.8
      }
    },
    {
      "id": "boundary_3",
      "type": "line",
      "source": "openmaptiles",
      "source-layer": "boundary",
      "minzoom": 8,
      "filter": ["all", ["in", "admin_level", 3, 4]],
      "layout": {
        "line-join": "round"
      },
      "paint": {
        "line-color": "#9e9cab",
        "line-dasharray": [5, 1],
        "line-width": {
          "base": 1,
          "stops": [
            [4, 0.4],
            [5, 1],
            [12, 1.8]
          ]
        }
      }
    },
    {
      "id": "boundary_2_z0-4",
      "type": "line",
      "source": "openmaptiles",
      "source-layer": "boundary",
      "maxzoom": 5,
      "filter": ["all", ["==", "admin_level", 2], ["!has", "claimed_by"]],
      "layout": {
        "line-cap": "round",
        "line-join": "round"
      },
      "paint": {
        "line-color": "hsl(248, 1%, 41%)",
        "line-opacity": {
          "base": 1,
          "stops": [
            [0, 0.4],
            [4, 1]
          ]
        },
        "line-width": {
          "base": 1,
          "stops": [
            [3, 1],
            [5, 1.2],
            [12, 3]
          ]
        }
      }
    },
    {
      "id": "boundary_2_z5-",
      "type": "line",
      "source": "openmaptiles",
      "source-layer": "boundary",
      "minzoom": 5,
      "filter": ["all", ["==", "admin_level", 2]],
      "layout": {
        "line-cap": "round",
        "line-join": "round"
      },
      "paint": {
        "line-color": "hsl(248, 1%, 41%)",
        "line-opacity": {
          "base": 1,
          "stops": [
            [0, 0.4],
            [4, 1]
          ]
        },
        "line-width": {
          "base": 1,
          "stops": [
            [3, 1],
            [5, 1.2],
            [12, 3]
          ]
        }
      }
    },
    {
      "id": "water_name_line",
      "type": "symbol",
      "source": "openmaptiles",
      "source-layer": "waterway",
      "filter": ["all", ["==", "$type", "LineString"]],
      "layout": {
        "text-field": "{name}",
        "text-font": ["Roboto Regular"],
        "text-max-width": 5,
        "text-size": 12,
        "symbol-placement": "line"
      },
      "paint": {
        "text-color": "#5d60be",
        "text-halo-color": "rgba(255,255,255,0.7)",
        "text-halo-width": 1
      }
    },
    {
      "id": "water_name_point",
      "type": "symbol",
      "source": "openmaptiles",
      "source-layer": "water_name",
      "filter": ["==", "$type", "Point"],
      "layout": {
        "text-field": "{name}",
        "text-font": ["Roboto Regular"],
        "text-max-width": 5,
        "text-size": 12
      },
      "paint": {
        "text-color": "#5d60be",
        "text-halo-color": "rgba(255,255,255,0.7)",
        "text-halo-width": 1
      }
    },
    {
      "id": "housenumber",
      "type": "symbol",
      "source": "data",
      "source-layer": "barikoi_poi",
      "minzoom": 17,
      "filter": ["==", "$type", "Point"],
      "layout": {
        "text-field": "{addr_housenumber}",
        "text-font": ["Roboto Condensed Bold"],
        "text-size": 10,
        "visibility": "visible"
      },
      "paint": {
        "text-halo-blur": 0.5,
        "text-halo-color": "#ffffff",
        "text-halo-width": 1,
        "text-color": "#BFBFBF"
      }
    },
    {
      "id": "housename",
      "type": "symbol",
      "source": "data",
      "source-layer": "barikoi_poi",
      "minzoom": 19,
      "filter": ["==", "$type", "Point"],
      "layout": {
        "text-field": "{addr_housename}",
        "text-font": ["Roboto Condensed Italic"],
        "text-size": 12,
        "visibility": "visible"
      },
      "paint": {
        "text-halo-blur": 0.5,
        "text-halo-color": "#ffffff",
        "text-halo-width": 1,
        "text-color": "#F06292"
      }
    },
    {
      "id": "office",
      "type": "symbol",
      "source": "data",
      "source-layer": "barikoi_poi",
      "minzoom": 14,
      "filter": [
        "all",
        ["==", "$type", "Point"],
        ["!in", "type", "residential"],
        ["in", "type", "government"]
      ],
      "layout": {
        "icon-image": "office_11",
        "text-anchor": "left",
        "text-field": "{name_bijoy}",
        "text-font": ["kalpurush ANSI"],
        "text-max-width": 9,
        "text-offset": [0.8, 0.2],
        "text-size": 14,
        "visibility": "visible"
      },
      "paint": {
        "text-color": "#78909C",
        "text-halo-blur": 0.5,
        "text-halo-color": "#ffffff",
        "text-halo-width": 1
      }
    },
    {
      "id": "office_osm",
      "type": "symbol",
      "source": "openmaptiles",
      "source-layer": "office",
      "minzoom": 14,
      "filter": ["==", "$type", "Point"],
      "layout": {
        "icon-image": "office_11",
        "text-anchor": "left",
        "text-field": "{name_en}",
        "text-font": ["Roboto Condensed Italic"],
        "text-max-width": 9,
        "text-offset": [0.8, 0.2],
        "text-size": 12,
        "visibility": "visible"
      },
      "paint": {
        "text-color": "#78909C",
        "text-halo-blur": 0.5,
        "text-halo-color": "#ffffff",
        "text-halo-width": 1
      }
    },
    {
      "id": "man_made",
      "type": "symbol",
      "source": "openmaptiles",
      "source-layer": "man_made",
      "minzoom": 12,
      "filter": ["==", "$type", "Point"],
      "layout": {
        "icon-image": "landmark_11",
        "text-anchor": "left",
        "text-field": "{name}",
        "text-font": ["Roboto Condensed Italic"],
        "text-max-width": 9,
        "text-offset": [0.8, 0.2],
        "text-size": 12,
        "visibility": "none"
      },
      "paint": {
        "text-color": "#78909C",
        "text-halo-blur": 0.5,
        "text-halo-color": "#ffffff",
        "text-halo-width": 1
      }
    },
    {
      "id": "airport-label-major",
      "type": "symbol",
      "source": "openmaptiles",
      "source-layer": "aerodrome_label",
      "minzoom": 10,
      "filter": ["all", ["has", "iata"]],
      "layout": {
        "icon-image": "airport_11",
        "icon-size": 1,
        "text-anchor": "top",
        "text-field": "{name}",
        "text-font": ["kalpurush ANSI"],
        "text-max-width": 9,
        "text-offset": [0, 0.6],
        "text-optional": true,
        "text-padding": 2,
        "text-size": 12,
        "visibility": "visible"
      },
      "paint": {
        "text-color": "#666",
        "text-halo-blur": 0.5,
        "text-halo-color": "#ffffff",
        "text-halo-width": 1
      }
    },
    {
      "id": "place_code",
      "type": "symbol",
      "source": "data",
      "source-layer": "barikoi_poi",
      "minzoom": 19,
      "filter": [
        "all",
        ["==", "$type", "Point"],
        ["!in", "type", "residential"]
      ],
      "layout": {
        "icon-image": "{type}_11",
        "text-anchor": "left",
        "text-field": "{name_bijoy}",
        "text-font": ["kalpurush ANSI"],
        "text-max-width": 9,
        "text-offset": [0.8, 0.2],
        "text-size": 14,
        "visibility": "visible"
      },
      "paint": {
        "text-color": "#7986CB",
        "text-halo-blur": 0.5,
        "text-halo-color": "#ffffff",
        "text-halo-width": 1
      }
    },
    {
      "id": "healthcare",
      "type": "symbol",
      "source": "data",
      "source-layer": "barikoi_poi",
      "minzoom": 13,
      "filter": [
        "all",
        ["==", "$type", "Point"],
        ["!in", "type", "residential"],
        ["in", "subtype", "hospital", "specialized_hospital"]
      ],
      "layout": {
        "icon-image": "{subtype}_11",
        "text-anchor": "left",
        "text-field": "{name_bijoy}",
        "text-font": ["kalpurush ANSI"],
        "text-max-width": 9,
        "text-offset": [0.8, 0.2],
        "text-size": 14,
        "visibility": "visible"
      },
      "paint": {
        "text-color": "#EE675C",
        "text-halo-blur": 0.5,
        "text-halo-color": "#ffffff",
        "text-halo-width": 1
      }
    },
    {
      "id": "clinic",
      "type": "symbol",
      "source": "data",
      "source-layer": "barikoi_poi",
      "minzoom": 15,
      "filter": [
        "all",
        ["==", "$type", "Point"],
        ["!in", "type", "residential"],
        [
          "in",
          "subtype",
          "clinic",
          "community_clinic",
          "government_clinic",
          "dental_clinic",
          "homeo_clinic"
        ]
      ],
      "layout": {
        "icon-image": "{subtype}_11",
        "text-anchor": "left",
        "text-field": "{name_bijoy}",
        "text-font": ["kalpurush ANSI"],
        "text-max-width": 9,
        "text-offset": [0.8, 0.2],
        "text-size": 14,
        "visibility": "visible"
      },
      "paint": {
        "text-color": "#EE675C",
        "text-halo-blur": 0.5,
        "text-halo-color": "#ffffff",
        "text-halo-width": 1
      }
    },
    {
      "id": "shop",
      "type": "symbol",
      "source": "data",
      "source-layer": "barikoi_poi",
      "minzoom": 17,
      "filter": [
        "all",
        ["==", "$type", "Point"],
        ["!in", "type", "residential"],
        ["in", "type", "shop"]
      ],
      "layout": {
        "icon-image": "{type}_11",
        "text-anchor": "left",
        "text-field": "{name_bijoy}",
        "text-font": ["kalpurush ANSI"],
        "text-max-width": 9,
        "text-offset": [0.8, 0.2],
        "text-size": 14,
        "visibility": "visible"
      },
      "paint": {
        "text-color": "#5491F5",
        "text-halo-blur": 0.5,
        "text-halo-color": "#ffffff",
        "text-halo-width": 1
      }
    },
    {
      "id": "commercial",
      "type": "symbol",
      "source": "data",
      "source-layer": "barikoi_poi",
      "minzoom": 15,
      "filter": [
        "all",
        ["==", "$type", "Point"],
        ["!in", "type", "residential"],
        ["in", "type", "commercial"]
      ],
      "layout": {
        "icon-image": "{type}_11",
        "text-anchor": "left",
        "text-field": "{name_bijoy}",
        "text-font": ["kalpurush ANSI"],
        "text-max-width": 9,
        "text-offset": [0.8, 0.2],
        "text-size": 14,
        "visibility": "visible"
      },
      "paint": {
        "text-color": "#5491F5",
        "text-halo-blur": 0.5,
        "text-halo-color": "#ffffff",
        "text-halo-width": 1
      }
    },
    {
      "id": "education",
      "type": "symbol",
      "source": "data",
      "source-layer": "barikoi_poi",
      "minzoom": 15,
      "filter": [
        "all",
        ["==", "$type", "Point"],
        ["!in", "type", "residential"],
        [
          "in",
          "subtype",
          "art_school",
          "dance_school",
          "driving_school",
          "music_school",
          "school",
          "special_school",
          "college",
          "dental_college",
          "medical_college",
          "nursing_college",
          "library",
          "fire_service",
          "police_fari",
          "police_headquarter",
          "police_lines",
          "police_office",
          "police_outpost",
          "police_station",
          "police_sub_station",
          "post_office"
        ]
      ],
      "layout": {
        "icon-image": "{subtype}_11",
        "text-anchor": "left",
        "text-field": "{name_bijoy}",
        "text-font": ["kalpurush ANSI"],
        "text-max-width": 9,
        "text-offset": [0.8, 0.2],
        "text-size": 14,
        "visibility": "visible"
      },
      "paint": {
        "text-color": "#78909C",
        "text-halo-blur": 0.5,
        "text-halo-color": "#ffffff",
        "text-halo-width": 1
      }
    },
    {
      "id": "food",
      "type": "symbol",
      "source": "data",
      "source-layer": "barikoi_poi",
      "minzoom": 16,
      "filter": [
        "all",
        ["==", "$type", "Point"],
        ["!in", "type", "residential"],
        [
          "in",
          "subtype",
          "fast_food",
          "sea_food",
          "restaurant",
          "arabian_restaurant",
          "bangla_restaurant",
          "chinese_restaurant",
          "indian_restaurant",
          "italian_restaurant",
          "japanese_restaurant",
          "korean_restaurant",
          "mexican_restaurant",
          "mughlai_restaurant",
          "thai_restaurant",
          "bakery"
        ]
      ],
      "layout": {
        "icon-image": "{subtype}_11",
        "text-anchor": "left",
        "text-field": "{name_bijoy}",
        "text-font": ["kalpurush ANSI"],
        "text-max-width": 9,
        "text-offset": [0.8, 0.2],
        "text-size": 14,
        "visibility": "visible"
      },
      "paint": {
        "text-color": "#F29900",
        "text-halo-blur": 0.5,
        "text-halo-color": "#ffffff",
        "text-halo-width": 1
      }
    },
    {
      "id": "cafe",
      "type": "symbol",
      "source": "data",
      "source-layer": "barikoi_poi",
      "minzoom": 18,
      "filter": [
        "all",
        ["==", "$type", "Point"],
        ["!in", "type", "residential"],
        ["in", "subtype", "cafe", "tong", "juice_bar"]
      ],
      "layout": {
        "icon-image": "{subtype}_11",
        "text-anchor": "left",
        "text-field": "{name_bijoy}",
        "text-font": ["kalpurush ANSI"],
        "text-max-width": 9,
        "text-offset": [0.8, 0.2],
        "text-size": 14,
        "visibility": "visible"
      },
      "paint": {
        "text-color": "#F29900",
        "text-halo-blur": 0.5,
        "text-halo-color": "#ffffff",
        "text-halo-width": 1
      }
    },
    {
      "id": "religious",
      "type": "symbol",
      "source": "data",
      "source-layer": "barikoi_poi",
      "minzoom": 15,
      "filter": [
        "all",
        ["==", "$type", "Point"],
        ["!in", "type", "residential"],
        [
          "in",
          "subtype",
          "masjid",
          "budda_mandir",
          "mandir",
          "church",
          "gurudwara"
        ]
      ],
      "layout": {
        "icon-image": "{subtype}_11",
        "text-anchor": "left",
        "text-field": "{name_bijoy}",
        "text-font": ["kalpurush ANSI"],
        "text-max-width": 9,
        "text-offset": [0.8, 0.2],
        "text-size": 14,
        "visibility": "visible"
      },
      "paint": {
        "text-color": "#78909C",
        "text-halo-blur": 0.5,
        "text-halo-color": "#ffffff",
        "text-halo-width": 1
      }
    },
    {
      "id": "bank_fuel",
      "type": "symbol",
      "source": "data",
      "source-layer": "barikoi_poi",
      "minzoom": 14,
      "filter": [
        "all",
        ["==", "$type", "Point"],
        ["!in", "type", "residential"],
        ["in", "type", "bank", "fuel"]
      ],
      "layout": {
        "icon-image": "{type}_11",
        "text-anchor": "left",
        "text-field": "{name_bijoy}",
        "text-font": ["kalpurush ANSI"],
        "text-max-width": 9,
        "text-offset": [0.8, 0.2],
        "text-size": 14,
        "visibility": "visible"
      },
      "paint": {
        "text-color": "#7986CB",
        "text-halo-blur": 0.5,
        "text-halo-color": "#ffffff",
        "text-halo-width": 1
      }
    },
    {
      "id": "recreation",
      "type": "symbol",
      "source": "data",
      "source-layer": "barikoi_poi",
      "minzoom": 16,
      "filter": [
        "all",
        ["==", "$type", "Point"],
        ["!in", "type", "residential"],
        ["in", "type", "recreation"]
      ],
      "layout": {
        "icon-image": "{type}_11",
        "text-anchor": "left",
        "text-field": "{name_bijoy}",
        "text-font": ["kalpurush ANSI"],
        "text-max-width": 9,
        "text-offset": [0.8, 0.2],
        "text-size": 14,
        "visibility": "visible"
      },
      "paint": {
        "text-color": "#36A853",
        "text-halo-blur": 0.5,
        "text-halo-color": "#ffffff",
        "text-halo-width": 1
      }
    },
    {
      "id": "stadium",
      "type": "symbol",
      "source": "data",
      "source-layer": "barikoi_poi",
      "minzoom": 16,
      "filter": [
        "all",
        ["==", "$type", "Point"],
        ["!in", "type", "residential"],
        ["in", "subtype", "stadium"]
      ],
      "layout": {
        "icon-image": "{subtype}_11",
        "text-anchor": "left",
        "text-field": "{name_bijoy}",
        "text-font": ["kalpurush ANSI"],
        "text-max-width": 9,
        "text-offset": [0.8, 0.2],
        "text-size": 14,
        "visibility": "visible"
      },
      "paint": {
        "text-color": "#36A853",
        "text-halo-blur": 0.5,
        "text-halo-color": "#ffffff",
        "text-halo-width": 1
      }
    },
    {
      "id": "museum",
      "type": "symbol",
      "source": "data",
      "source-layer": "barikoi_poi",
      "minzoom": 17,
      "filter": [
        "all",
        ["==", "$type", "Point"],
        ["!in", "type", "residential"],
        ["in", "subtype", "museum"]
      ],
      "layout": {
        "icon-image": "{subtype}_11",
        "text-anchor": "left",
        "text-field": "{name_bijoy}",
        "text-font": ["kalpurush ANSI"],
        "text-max-width": 9,
        "text-offset": [0.8, 0.2],
        "text-size": 14,
        "visibility": "visible"
      },
      "paint": {
        "text-color": "#43B5CB",
        "text-halo-blur": 0.5,
        "text-halo-color": "#ffffff",
        "text-halo-width": 1
      }
    },
    {
      "id": "hotel",
      "type": "symbol",
      "source": "data",
      "source-layer": "barikoi_poi",
      "minzoom": 13,
      "filter": [
        "all",
        ["==", "$type", "Point"],
        ["!in", "type", "residential"],
        ["in", "type", "hotel"]
      ],
      "layout": {
        "icon-image": "{type}_11",
        "text-anchor": "left",
        "text-field": "{name_bijoy}",
        "text-font": ["kalpurush ANSI"],
        "text-max-width": 9,
        "text-offset": [0.8, 0.2],
        "text-size": 14,
        "visibility": "visible"
      },
      "paint": {
        "text-color": "#F06292",
        "text-halo-blur": 0.5,
        "text-halo-color": "#ffffff",
        "text-halo-width": 1
      }
    },
    {
      "id": "landmark",
      "type": "symbol",
      "source": "data",
      "source-layer": "barikoi_poi",
      "minzoom": 13,
      "filter": [
        "all",
        ["==", "$type", "Point"],
        ["!in", "type", "residential"],
        ["in", "type", "landmark"]
      ],
      "layout": {
        "text-anchor": "left",
        "text-field": "{name_bijoy}",
        "text-font": ["kalpurush ANSI"],
        "text-max-width": 9,
        "text-offset": [0.8, 0.2],
        "text-size": 14,
        "visibility": "none"
      },
      "paint": {
        "text-color": "#000000",
        "text-halo-blur": 0.5,
        "text-halo-color": "#ffffff",
        "text-halo-width": 1
      }
    },
    {
      "id": "poi_transit",
      "type": "symbol",
      "source": "openmaptiles",
      "source-layer": "poi",
      "minzoom": 12,
      "filter": ["all", ["in", "class", "bus", "rail", "airport"]],
      "layout": {
        "icon-image": "{class}_11",
        "text-anchor": "left",
        "text-field": "{name}",
        "text-font": ["Roboto Italic"],
        "text-max-width": 9,
        "text-offset": [0.9, 0],
        "text-size": 12,
        "visibility": "visible"
      },
      "paint": {
        "text-color": "#4898ff",
        "text-halo-blur": 0.5,
        "text-halo-color": "#ffffff",
        "text-halo-width": 1
      }
    },
    {
      "id": "road_label",
      "type": "symbol",
      "source": "openmaptiles",
      "source-layer": "transportation_name",
      "filter": ["all"],
      "layout": {
        "symbol-placement": "line",
        "text-anchor": "center",
        "text-field": "{name:latin}",
        "text-font": ["Roboto Regular"],
        "text-size": {
          "base": 1,
          "stops": [
            [12, 11],
            [13, 12]
          ]
        },
        "text-offset": [0, 0]
      },
      "paint": {
        "text-halo-blur": 0.5,
        "text-halo-width": 1,
        "text-color": "#6C777C"
      }
    },
    {
      "id": "road_shield",
      "type": "symbol",
      "source": "openmaptiles",
      "source-layer": "transportation_name",
      "minzoom": 7,
      "filter": ["all", ["<=", "ref_length", 6]],
      "layout": {
        "icon-image": "default_{ref_length}",
        "icon-rotation-alignment": "viewport",
        "symbol-placement": {
          "base": 1,
          "stops": [
            [10, "point"],
            [11, "line"]
          ]
        },
        "symbol-spacing": 500,
        "text-field": "{ref}",
        "text-font": ["Roboto Regular"],
        "text-offset": [0, 0.1],
        "text-rotation-alignment": "viewport",
        "text-size": 10,
        "icon-size": 0.8
      }
    },
    {
      "id": "place_other",
      "type": "symbol",
      "source": "admin",
      "source-layer": "place",
      "minzoom": 12,
      "filter": [
        "all",
        ["in", "class", "hamlet", "island", "islet", "neighbourhood", "suburb"]
      ],
      "layout": {
        "visibility": "none",
        "text-field": "{name_bn}",
        "text-font": ["kalpurush ANSI"],
        "text-letter-spacing": 0.1,
        "text-max-width": 9,
        "text-size": {
          "base": 1.2,
          "stops": [
            [10, 14],
            [15, 16]
          ]
        }
      },
      "paint": {
        "text-color": "#3F4349",
        "text-halo-color": "rgba(255,255,255,0.8)",
        "text-halo-width": 1.2
      }
    },
    {
      "id": "place_village_barikoi",
      "type": "symbol",
      "source": "village",
      "source-layer": "barikoi_village",
      "filter": ["all", ["==", "$type", "Point"]],
      "layout": {
        "visibility": "visible",
        "text-field": "{village_name}",
        "text-font": ["Roboto Bold"],
        "text-letter-spacing": 0.1,
        "text-max-width": 9,
        "text-size": {
          "base": 1.2,
          "stops": [
            [12, 10],
            [15, 14]
          ]
        },
        "text-transform": "uppercase"
      },
      "paint": {
        "text-color": "#7E8EA6",
        "text-halo-color": "rgba(255,255,255,0.8)",
        "text-halo-width": 1.2
      }
    },
    {
      "id": "place_village",
      "type": "symbol",
      "source": "admin",
      "source-layer": "place",
      "filter": ["all", ["==", "class", "village"]],
      "layout": {
        "text-field": "{name_bn}",
        "text-font": ["kalpurush ANSI"],
        "text-max-width": 5,
        "text-size": {
          "base": 1,
          "stops": [
            [8, 14],
            [13, 20]
          ]
        }
      },
      "paint": {
        "text-color": "#3F4349",
        "text-halo-color": "rgba(255,255,255,0.8)",
        "text-halo-width": 1.2
      }
    },
    {
      "id": "place_town",
      "type": "symbol",
      "source": "admin",
      "source-layer": "place",
      "filter": ["all", ["==", "class", "town"]],
      "layout": {
        "icon-image": {
          "base": 1,
          "stops": [
            [0, "dot_9"],
            [8, ""]
          ]
        },
        "text-anchor": "bottom",
        "text-field": "{name_bn}",
        "text-font": ["kalpurush ANSI"],
        "text-max-width": 8,
        "text-offset": [0, 0],
        "text-size": {
          "base": 1.2,
          "stops": [
            [7, 14],
            [11, 16]
          ]
        }
      },
      "paint": {
        "text-color": "#3F4349",
        "text-halo-color": "rgba(255,255,255,0.8)",
        "text-halo-width": 1.2
      }
    },
    {
      "id": "place_city",
      "type": "symbol",
      "source": "admin",
      "source-layer": "place",
      "minzoom": 5,
      "filter": ["all", ["==", "class", "city"]],
      "layout": {
        "icon-image": {
          "base": 1,
          "stops": [
            [0, "dot_9"],
            [8, ""]
          ]
        },
        "text-anchor": "bottom",
        "text-field": "{name_bn}",
        "text-font": ["kalpurush ANSI"],
        "text-max-width": 8,
        "text-offset": [0, 0],
        "text-size": {
          "base": 1.2,
          "stops": [
            [7, 14],
            [13, 24]
          ]
        },
        "icon-allow-overlap": true,
        "icon-optional": false
      },
      "paint": {
        "text-halo-width": 1.2,
        "text-color": "#3F4349"
      }
    },
    {
      "id": "state",
      "type": "symbol",
      "source": "admin",
      "source-layer": "place",
      "maxzoom": 6,
      "filter": ["all", ["==", "class", "state"]],
      "layout": {
        "text-field": "{name}",
        "text-font": ["Roboto Condensed Bold"],
        "text-size": {
          "stops": [
            [4, 11],
            [6, 15]
          ]
        },
        "text-transform": "uppercase"
      },
      "paint": {
        "text-color": "#633",
        "text-halo-color": "rgba(255,255,255,0.7)",
        "text-halo-width": 1
      }
    },
    {
      "id": "country_3",
      "type": "symbol",
      "source": "admin",
      "source-layer": "place",
      "filter": ["all", [">=", "rank", 3], ["==", "class", "country"]],
      "layout": {
        "text-field": "{name}",
        "text-font": ["kalpurush ANSI"],
        "text-max-width": 6.25,
        "text-size": {
          "stops": [
            [3, 14],
            [7, 17]
          ]
        },
        "text-transform": "none"
      },
      "paint": {
        "text-color": "#262626",
        "text-halo-blur": 1,
        "text-halo-color": "rgba(255,255,255,0.8)",
        "text-halo-width": 1
      }
    },
    {
      "id": "country_2",
      "type": "symbol",
      "source": "admin",
      "source-layer": "place",
      "filter": ["all", ["==", "rank", 2], ["==", "class", "country"]],
      "layout": {
        "text-field": "{name}",
        "text-font": ["kalpurush ANSI"],
        "text-max-width": 6.25,
        "text-size": {
          "stops": [
            [2, 14],
            [5, 17]
          ]
        },
        "text-transform": "none"
      },
      "paint": {
        "text-color": "#262626",
        "text-halo-blur": 1,
        "text-halo-color": "rgba(255,255,255,0.8)",
        "text-halo-width": 1
      }
    },
    {
      "id": "country_1",
      "type": "symbol",
      "source": "admin",
      "source-layer": "place",
      "filter": ["all", ["==", "rank", 1], ["==", "class", "country"]],
      "layout": {
        "text-field": "{name}",
        "text-font": ["kalpurush ANSI"],
        "text-max-width": 6.25,
        "text-size": {
          "stops": [
            [1, 14],
            [4, 17]
          ]
        },
        "text-transform": "none"
      },
      "paint": {
        "text-halo-blur": 1,
        "text-halo-color": "rgba(255,255,255,0.8)",
        "text-halo-width": 1,
        "text-color": "#262626"
      }
    },
    {
      "id": "continent",
      "type": "symbol",
      "source": "admin",
      "source-layer": "place",
      "maxzoom": 1,
      "filter": ["all", ["==", "class", "continent"]],
      "layout": {
        "text-field": "{name}",
        "text-font": ["Roboto Condensed Italic"],
        "text-size": 13,
        "text-transform": "uppercase",
        "text-justify": "center"
      },
      "paint": {
        "text-color": "#633",
        "text-halo-color": "rgba(255,255,255,0.7)",
        "text-halo-width": 1
      }
    }
  ],
  "id": "barikoi-bangla"
}
